Mutation,Analysis_Group,Case_Count,Odds_Ratio,CI_Lower,CI_Upper,P_Value,q_Value
V31I,CRF01_AE,590,0.803995012,0.609340618,1.060831923,0.135961597,1
T112V,CRF01_AE,868,1.439807384,0.671916664,3.085271453,0.348619829,1
T124A,CRF01_AE,731,2.064514881,1.43678449,2.96650035,6.20E-05,0.001606129
T125A,CRF01_AE,882,2.780175514,0.843482668,9.163645188,0.071483851,0.699072446
V126M,CRF01_AE,38,1.186652661,0.62393323,2.25688338,0.619826721,1
G134N,CRF01_AE,873,1.059800664,0.473626685,2.371440388,1,1
I135V,CRF01_AE,829,2.83782444,1.586238577,5.076945968,0.000189314,0.00445748
K160Q,CRF01_AE,1,3.926640927,0.159516803,96.6575851,0.433667781,1
D167E,CRF01_AE,696,2.159709723,1.541699184,3.025457972,5.43E-06,0.000187535
V201I,CRF01_AE,888,2.318045862,0.550580109,9.759409264,0.313031277,1
L234I,CRF01_AE,864,0.63071278,0.316919194,1.25520517,0.211959039,1
V259I,CRF01_AE,8,0.829001529,0.21561766,3.187324896,1,1
S283G,CRF01_AE,825,1.141965082,0.701500916,1.858991512,0.621333751,1
E11D,CRF01_AE,185,0.358563804,0.249424193,0.515459227,6.96E-09,6.01E-07
S24N,CRF01_AE,12,0.476135358,0.138792199,1.633412261,0.248686288,1
L101I,CRF01_AE,181,0.700341904,0.500651333,0.979681369,0.036291768,0.469978394
K136N,CRF01_AE,1,3.926640927,0.159516803,96.6575851,0.433667781,1
K211R,CRF01_AE,43,0.944211332,0.511158506,1.744145954,0.87594225,1
T218I,CRF01_AE,8,0.075587103,0.004349208,1.313666664,0.011530768,0.165914936
R269K,CRF01_AE,4,0.557639272,0.081972369,3.793492385,0.637303602,1
D278A,CRF01_AE,2,0.260077022,0.012449584,5.433117914,0.508251712,1
L74IM,CRF01_AE,2,1.306306306,0.135353808,12.60722685,1,1
I72IV,CRF01_AE,35,1.766423676,0.90085698,3.463649252,0.11679131,1
K136Q,CRF01_AE,180,0.867342665,0.622791387,1.207921808,0.401789434,1
K173R,CRF01_AE,12,0.476135358,0.138792199,1.633412261,0.248686288,1
T206TS,CRF01_AE,8,0.498759305,0.115292071,2.157657864,0.477187522,1
S39SI,CRF01_AE,2,1.306306306,0.135353808,12.60722685,1,1
L45V,CRF01_AE,50,2.021676448,1.136348574,3.596762254,0.018252821,0.248814771
I72V,CRF01_AE,631,1.639910103,1.219704791,2.204882006,0.001151969,0.020576549
I113V,CRF01_AE,56,0.345635836,0.181895674,0.656772801,0.000697775,0.013386942
K136H,CRF01_AE,31,1.602175422,0.788566976,3.255228993,0.201157138,1
K14R,CRF01_AE,714,2.23935667,1.574801167,3.184350127,3.90E-06,0.000144353
A21T,CRF01_AE,418,5.995011909,4.483683098,8.015768956,1.37E-36,3.54E-34
L68Q,CRF01_AE,1,3.926640927,0.159516803,96.6575851,0.433667781,1
K136R,CRF01_AE,569,1.024212915,0.778784862,1.346985731,0.888841614,1
K14KR,CRF01_AE,23,1.015517494,0.448385847,2.299973977,1,1
S17SN,CRF01_AE,10,1.309492848,0.398632422,4.301635849,0.753650763,1
K156KN,CRF01_AE,2,6.561290323,0.314080231,137.0685781,0.187793638,1
R284G,CRF01_AE,49,0.825711821,0.460350771,1.481044573,0.555170604,1
D286N,CRF01_AE,95,0.277263057,0.163885113,0.469077401,1.68E-07,7.90E-06
V151I,CRF01_AE,21,0.991695138,0.422117753,2.329822046,1,1
S39N,CRF01_AE,255,9.793394918,6.901427984,13.89720856,1.81E-45,9.36E-43
V165I,CRF01_AE,132,1.692783237,1.168868603,2.451528836,0.00575606,0.093167133
S283SG,CRF01_AE,17,0.930905696,0.361287906,2.398600671,1,1
I84M,CRF01_AE,3,0.782239382,0.102880722,5.94764929,1,1
D6E,CRF01_AE,16,7.823435419,2.030485533,30.14359903,0.000419292,0.008687739
A23V,CRF01_AE,243,6.58753727,4.716709722,9.200406607,2.22E-32,3.84E-30
E157K,CRF01_AE,1,0.434317501,0.017643847,10.69107484,1,1
G134S,CRF01_AE,3,0.782239382,0.102880722,5.94764929,1,1
L74I,CRF01_AE,47,0.393315358,0.199969348,0.773603415,0.005935358,0.093167133
M50I,CRF01_AE,23,0.585264409,0.244357675,1.40177479,0.286521146,1
M50R,CRF01_AE,3,0.782239382,0.102880722,5.94764929,1,1
G193E,CRF01_AE,232,0.134088479,0.089411355,0.201089897,2.97E-29,3.85E-27
V260VI,CRF01_AE,5,0.432861433,0.06788276,2.760185644,0.395506004,1
D288N,CRF01_AE,75,0.18733971,0.096265927,0.364575173,8.37E-09,6.19E-07
M22I,CRF01_AE,6,2.364980545,0.501092628,11.1618744,0.41191081,1
L28V,CRF01_AE,4,3.063820612,0.450375819,20.84258599,0.321969621,1
L45Q,CRF01_AE,24,2.601228443,1.124894265,6.01513371,0.022137484,0.294031204
T206S,CRF01_AE,44,1.597310734,0.874750821,2.916718132,0.159711824,1
D270N,CRF01_AE,3,0.782239382,0.102880722,5.94764929,1,1
V32I,CRF01_AE,125,0.300035252,0.191093516,0.471084286,1.86E-08,1.20E-06
S39C,CRF01_AE,10,0.902424424,0.269299188,3.024033775,1,1
K127R,CRF01_AE,18,0.673220339,0.258512129,1.753208359,0.475159955,1
H171Q,CRF01_AE,13,0.279102384,0.070627126,1.10294933,0.048499728,0.546149108
I200IM,CRF01_AE,3,2.182795699,0.287082211,16.59662939,0.582151315,1
N27GS,CRF01_AE,1,3.926640927,0.159516803,96.6575851,0.433667781,1
L28I,CRF01_AE,28,0.444596443,0.191570309,1.03181959,0.05291286,0.571017951
Y99F,CRF01_AE,7,2.898049415,0.646063167,12.99979761,0.249527236,1
F139Y,CRF01_AE,1,3.926640927,0.159516803,96.6575851,0.433667781,1
R20K,CRF01_AE,97,0.196775557,0.110767102,0.349567867,2.01E-10,2.09E-08
S119T,CRF01_AE,17,0.56816645,0.206586291,1.562606663,0.324859629,1
I203M,CRF01_AE,88,0.245234008,0.139385444,0.43146341,5.51E-08,3.17E-06
I208L,CRF01_AE,17,0.428447903,0.146204842,1.255550795,0.13694855,1
Q95H,CRF01_AE,19,1.789027896,0.729866695,4.385212855,0.243436245,1
D3E,CRF01_AE,18,8.950200803,2.350818959,34.07582456,0.000104007,0.002565504
D25E,CRF01_AE,53,3.48731244,1.903835711,6.387813813,2.29E-05,0.000623746
S119G,CRF01_AE,2,1.306306306,0.135353808,12.60722685,1,1
V31VI,CRF01_AE,23,1.20681638,0.535814731,2.718114473,0.675475125,1
T124G,CRF01_AE,15,2.532878189,0.89504595,7.167757051,0.111882641,1
P90PS,CRF01_AE,2,1.306306306,0.135353808,12.60722685,1,1
T124N,CRF01_AE,43,0.855388122,0.46076058,1.588002255,0.639370769,1
E138D,CRF01_AE,2,6.561290323,0.314080231,137.0685781,0.187793638,1
V281M,CRF01_AE,29,0.06509517,0.012534767,0.338050255,1.36E-06,5.42E-05
D41N,CRF01_AE,24,2.176164711,0.95975533,4.934270957,0.062001063,0.642331011
T112I,CRF01_AE,20,0.884980341,0.366515006,2.136857127,0.822893681,1
G163E,CRF01_AE,14,0.554196776,0.182219627,1.685515833,0.291958058,1
S195ST,CRF01_AE,1,0.434317501,0.017643847,10.69107484,1,1
S17N,CRF01_AE,18,0.525020469,0.193068957,1.427710065,0.231558426,1
K160KR,CRF01_AE,13,1.133333333,0.39314947,3.267063911,1,1
K160R,CRF01_AE,9,2.447941889,0.662999789,9.038342989,0.187007398,1
A23AV,CRF01_AE,11,5.058344284,1.247951828,20.50307257,0.012567813,0.175949385
K42R,CRF01_AE,1,0.434317501,0.017643847,10.69107484,1,1
L45LI,CRF01_AE,1,3.926640927,0.159516803,96.6575851,0.433667781,1
I84L,CRF01_AE,4,0.143916702,0.007724907,2.681199459,0.137402223,1
F181L,CRF01_AE,19,0.032224087,0.001939424,0.535412431,2.02E-05,0.000581324
E157Q,CRF01_AE,5,0.931797235,0.182855222,4.748270657,1,1
K160T,CRF01_AE,5,0.931797235,0.182855222,4.748270657,1,1
I220V,CRF01_AE,3,0.782239382,0.102880722,5.94764929,1,1
K7R,CRF01_AE,22,1.314398943,0.574154352,3.009024622,0.523511258,1
Q137H,CRF01_AE,1,0.434317501,0.017643847,10.69107484,1,1
G193D,CRF01_AE,25,0.519872814,0.22022828,1.227216338,0.151639191,1
M154I,CRF01_AE,28,0.444596443,0.191570309,1.03181959,0.05291286,0.571017951
S39SN,CRF01_AE,18,2.559857361,0.982933871,6.666643505,0.054470062,0.575826369
S255SN,CRF01_AE,3,2.182795699,0.287082211,16.59662939,0.582151315,1
K127KR,CRF01_AE,9,1.068623983,0.305279517,3.740693868,1,1
I135IV,CRF01_AE,13,0.613762032,0.198368769,1.899007754,0.41112002,1
K136QR,CRF01_AE,33,1.240734366,0.624885388,2.463526588,0.593475332,1
K215N,CRF01_AE,15,7.264541833,1.871819965,28.19372003,0.000838762,0.015517091
D256E,CRF01_AE,19,0.622096673,0.241754884,1.600812625,0.354521257,1
N27G,CRF01_AE,59,4.504229018,2.455054316,8.263800483,1.89E-07,8.16E-06
L101V,CRF01_AE,17,0.733235077,0.277684085,1.936134291,0.623969371,1
A91T,CRF01_AE,1,0.434317501,0.017643847,10.69107484,1,1
L74M,CRF01_AE,5,0.931797235,0.182855222,4.748270657,1,1
I200M,CRF01_AE,6,0.723297491,0.153253496,3.413685657,0.702787442,1
P261PS,CRF01_AE,1,3.926640927,0.159516803,96.6575851,0.433667781,1
V37I,CRF01_AE,5,0.432861433,0.06788276,2.760185644,0.395506004,1
S119P,CRF01_AE,43,0.104754604,0.034860373,0.314785129,1.13E-07,5.87E-06
V201VI,CRF01_AE,1,3.926640927,0.159516803,96.6575851,0.433667781,1
S230N,CRF01_AE,5,0.931797235,0.182855222,4.748270657,1,1
Q252K,CRF01_AE,3,0.185402531,0.009548106,3.600096137,0.262377568,1
M50T,CRF01_AE,4,0.143916702,0.007724907,2.681199459,0.137402223,1
K103KR,CRF01_AE,3,0.185402531,0.009548106,3.600096137,0.262377568,1
K156N,CRF01_AE,2,0.260077022,0.012449584,5.433117914,0.508251712,1
G106A,CRF01_AE,27,0.906889236,0.422116375,1.948391803,0.845585828,1
K215R,CRF01_AE,3,2.182795699,0.287082211,16.59662939,0.582151315,1
L63V,CRF01_AE,8,0.829001529,0.21561766,3.187324896,1,1
I72A,CRF01_AE,1,3.926640927,0.159516803,96.6575851,0.433667781,1
P90S,CRF01_AE,3,2.182795699,0.287082211,16.59662939,0.582151315,1
V151VI,CRF01_AE,4,1.307096774,0.225315755,7.58270089,1,1
K111T,CRF01_AE,10,0.605519621,0.169082368,2.168493474,0.527381682,1
E96D,CRF01_AE,2,1.306306306,0.135353808,12.60722685,1,1
K188KR,CRF01_AE,6,2.364980545,0.501092628,11.1618744,0.41191081,1
S255N,CRF01_AE,6,1.307891332,0.295492547,5.788909928,1,1
F181FY,CRF01_AE,1,3.926640927,0.159516803,96.6575851,0.433667781,1
V126L,CRF01_AE,39,1.913886477,1.005272012,3.643751545,0.04839698,0.546149108
K188R,CRF01_AE,9,2.447941889,0.662999789,9.038342989,0.187007398,1
I268L,CRF01_AE,2,6.561290323,0.314080231,137.0685781,0.187793638,1
S283D,CRF01_AE,18,1.312746386,0.528864106,3.258498837,0.634379599,1
S24SG,CRF01_AE,6,1.307891332,0.295492547,5.788909928,1,1
H171Y,CRF01_AE,2,1.306306306,0.135353808,12.60722685,1,1
V259VI,CRF01_AE,4,0.557639272,0.081972369,3.793492385,0.637303602,1
K211KR,CRF01_AE,8,1.308690013,0.351920564,4.866636744,0.732896615,1
R284RG,CRF01_AE,13,0.842270328,0.2858073,2.482159507,0.785195058,1
M275V,CRF01_AE,2,0.260077022,0.012449584,5.433117914,0.508251712,1
K211Q,CRF01_AE,1,3.926640927,0.159516803,96.6575851,0.433667781,1
M50MT,CRF01_AE,2,1.306306306,0.135353808,12.60722685,1,1
T112IV,CRF01_AE,4,0.143916702,0.007724907,2.681199459,0.137402223,1
I113IV,CRF01_AE,4,0.557639272,0.081972369,3.793492385,0.637303602,1
A38G,CRF01_AE,1,3.926640927,0.159516803,96.6575851,0.433667781,1
L45I,CRF01_AE,1,0.434317501,0.017643847,10.69107484,1,1
Q177QR,CRF01_AE,1,3.926640927,0.159516803,96.6575851,0.433667781,1
V126VL,CRF01_AE,5,0.931797235,0.182855222,4.748270657,1,1
V32VI,CRF01_AE,7,1.015236452,0.249565688,4.12999505,1,1
K111KR,CRF01_AE,5,0.931797235,0.182855222,4.748270657,1,1
D167DE,CRF01_AE,8,0.498759305,0.115292071,2.157657864,0.477187522,1
V176L,CRF01_AE,6,0.099239656,0.005573384,1.767060918,0.039078477,0.470759325
L45R,CRF01_AE,1,3.926640927,0.159516803,96.6575851,0.433667781,1
L234V,CRF01_AE,17,0.733235077,0.277684085,1.936134291,0.623969371,1
D270DE,CRF01_AE,1,3.926640927,0.159516803,96.6575851,0.433667781,1
G134D,CRF01_AE,10,1.900188324,0.56704426,6.367608175,0.344306453,1
T124S,CRF01_AE,22,0.505906523,0.202134483,1.266193707,0.133707836,1
M22MI,CRF01_AE,2,6.561290323,0.314080231,137.0685781,0.187793638,1
L28LV,CRF01_AE,2,1.306306306,0.135353808,12.60722685,1,1
D278DN,CRF01_AE,1,3.926640927,0.159516803,96.6575851,0.433667781,1
K136KQ,CRF01_AE,2,0.260077022,0.012449584,5.433117914,0.508251712,1
E138ED,CRF01_AE,1,0.434317501,0.017643847,10.69107484,1,1
T125V,CRF01_AE,5,0.432861433,0.06788276,2.760185644,0.395506004,1
D232E,CRF01_AE,11,2.198257081,0.678016547,7.127162624,0.223899052,1
N27S,CRF01_AE,14,39.27163782,2.335219381,660.4353961,7.27E-06,0.00023545
Q95S,CRF01_AE,7,1.685936631,0.414435796,6.85843827,0.474855051,1
V88I,CRF01_AE,3,2.182795699,0.287082211,16.59662939,0.582151315,1
T218S,CRF01_AE,46,0.405250526,0.205589732,0.798814157,0.005907182,0.093167133
E287A,CRF01_AE,3,0.782239382,0.102880722,5.94764929,1,1
D279G,CRF01_AE,45,0.280139799,0.131443464,0.597049898,0.000302707,0.006533425
G106GA,CRF01_AE,3,0.185402531,0.009548106,3.600096137,0.262377568,1
G163GE,CRF01_AE,6,2.364980545,0.501092628,11.1618744,0.41191081,1
V165VI,CRF01_AE,19,0.778823529,0.311915223,1.944650485,0.644603124,1
D256DE,CRF01_AE,3,0.782239382,0.102880722,5.94764929,1,1
R187K,CRF01_AE,19,1.454753485,0.598762304,3.534470499,0.485302353,1
N254K,CRF01_AE,3,0.782239382,0.102880722,5.94764929,1,1
S57G,CRF01_AE,1,3.926640927,0.159516803,96.6575851,0.433667781,1
V249I,CRF01_AE,1,0.434317501,0.017643847,10.69107484,1,1
I84IM,CRF01_AE,1,3.926640927,0.159516803,96.6575851,0.433667781,1
V281VM,CRF01_AE,3,0.782239382,0.102880722,5.94764929,1,1
D41DN,CRF01_AE,3,0.185402531,0.009548106,3.600096137,0.262377568,1
L234T,CRF01_AE,12,2.497888452,0.790639304,7.891647542,0.141701653,1
K7Q,CRF01_AE,6,2.364980545,0.501092628,11.1618744,0.41191081,1
I161IT,CRF01_AE,1,3.926640927,0.159516803,96.6575851,0.433667781,1
S119R,CRF01_AE,11,0.055533851,0.00326224,0.945365418,0.003314236,0.057225811
D288G,CRF01_AE,2,1.306306306,0.135353808,12.60722685,1,1
E11ED,CRF01_AE,13,0.842270328,0.2858073,2.482159507,0.785195058,1
N222K,CRF01_AE,5,3.949416342,0.619355182,25.18407838,0.172600544,1
I200L,CRF01_AE,4,0.557639272,0.081972369,3.793492385,0.637303602,1
I204L,CRF01_AE,5,0.931797235,0.182855222,4.748270657,1,1
I217V,CRF01_AE,3,0.782239382,0.102880722,5.94764929,1,1
L74LI,CRF01_AE,1,0.434317501,0.017643847,10.69107484,1,1
K160E,CRF01_AE,1,3.926640927,0.159516803,96.6575851,0.433667781,1
Q164L,CRF01_AE,1,3.926640927,0.159516803,96.6575851,0.433667781,1
M50MI,CRF01_AE,5,0.11751663,0.006478238,2.131777078,0.072876278,0.699072446
L234G,CRF01_AE,1,3.926640927,0.159516803,96.6575851,0.433667781,1
V260I,CRF01_AE,3,0.782239382,0.102880722,5.94764929,1,1
A21AT,CRF01_AE,16,1.030959752,0.392148169,2.710399015,1,1
I191L,CRF01_AE,1,3.926640927,0.159516803,96.6575851,0.433667781,1
S195T,CRF01_AE,5,3.949416342,0.619355182,25.18407838,0.172600544,1
L63LV,CRF01_AE,3,0.782239382,0.102880722,5.94764929,1,1
A196P,CRF01_AE,10,0.379886148,0.092155186,1.565983338,0.200643545,1
K111Q,CRF01_AE,11,0.339219015,0.083691515,1.374924803,0.126419292,1
I208M,CRF01_AE,31,0.104866047,0.028636711,0.384013649,7.84E-06,0.000238884
I220L,CRF01_AE,9,0.700069659,0.18960899,2.58478001,0.739055917,1
D278N,CRF01_AE,6,17.23728814,0.968050107,306.9304988,0.006507201,0.099139123
K136KR,CRF01_AE,6,0.099239656,0.005573384,1.767060918,0.039078477,0.470759325
M50L,CRF01_AE,4,0.557639272,0.081972369,3.793492385,0.637303602,1
D41G,CRF01_AE,1,3.926640927,0.159516803,96.6575851,0.433667781,1
K156KR,CRF01_AE,3,0.185402531,0.009548106,3.600096137,0.262377568,1
I203IM,CRF01_AE,5,0.432861433,0.06788276,2.760185644,0.395506004,1
D288DN,CRF01_AE,3,2.182795699,0.287082211,16.59662939,0.582151315,1
L45LV,CRF01_AE,2,1.306306306,0.135353808,12.60722685,1,1
T124TA,CRF01_AE,13,0.279102384,0.070627126,1.10294933,0.048499728,0.546149108
K71Q,CRF01_AE,5,0.11751663,0.006478238,2.131777078,0.072876278,0.699072446
I135LV,CRF01_AE,1,0.434317501,0.017643847,10.69107484,1,1
D3N,CRF01_AE,1,3.926640927,0.159516803,96.6575851,0.433667781,1
D253DN,CRF01_AE,1,3.926640927,0.159516803,96.6575851,0.433667781,1
V126VIM,CRF01_AE,3,2.182795699,0.287082211,16.59662939,0.582151315,1
A21S,CRF01_AE,6,1.307891332,0.295492547,5.788909928,1,1
D6DE,CRF01_AE,4,3.063820612,0.450375819,20.84258599,0.321969621,1
S24G,CRF01_AE,9,1.60366999,0.458126992,5.613634387,0.512363562,1
I60V,CRF01_AE,4,1.307096774,0.225315755,7.58270089,1,1
Q216N,CRF01_AE,1,3.926640927,0.159516803,96.6575851,0.433667781,1
T125AV,CRF01_AE,2,6.561290323,0.314080231,137.0685781,0.187793638,1
D253DE,CRF01_AE,4,1.307096774,0.225315755,7.58270089,1,1
R262RG,CRF01_AE,1,3.926640927,0.159516803,96.6575851,0.433667781,1
C43S,CRF01_AE,1,3.926640927,0.159516803,96.6575851,0.433667781,1
D25DE,CRF01_AE,5,0.931797235,0.182855222,4.748270657,1,1
A38PT,CRF01_AE,1,3.926640927,0.159516803,96.6575851,0.433667781,1
S195SC,CRF01_AE,1,3.926640927,0.159516803,96.6575851,0.433667781,1
V75VI,CRF01_AE,1,3.926640927,0.159516803,96.6575851,0.433667781,1
K34KR,CRF01_AE,1,3.926640927,0.159516803,96.6575851,0.433667781,1
I72T,CRF01_AE,5,0.432861433,0.06788276,2.760185644,0.395506004,1
A205S,CRF01_AE,2,1.306306306,0.135353808,12.60722685,1,1
D253E,CRF01_AE,10,0.605519621,0.169082368,2.168493474,0.527381682,1
K236R,CRF01_AE,2,1.306306306,0.135353808,12.60722685,1,1
K240R,CRF01_AE,1,3.926640927,0.159516803,96.6575851,0.433667781,1
A38AT,CRF01_AE,1,3.926640927,0.159516803,96.6575851,0.433667781,1
K136E,CRF01_AE,1,3.926640927,0.159516803,96.6575851,0.433667781,1
G163GR,CRF01_AE,1,3.926640927,0.159516803,96.6575851,0.433667781,1
G163A,CRF01_AE,4,0.557639272,0.081972369,3.793492385,0.637303602,1
T124NS,CRF01_AE,1,3.926640927,0.159516803,96.6575851,0.433667781,1
A91AS,CRF01_AE,3,0.782239382,0.102880722,5.94764929,1,1
I208IL,CRF01_AE,6,0.723297491,0.153253496,3.413685657,0.702787442,1
D41DG,CRF01_AE,2,1.306306306,0.135353808,12.60722685,1,1
N27NDGS,CRF01_AE,3,9.209573092,0.474284287,178.8299527,0.081202389,0.751122094
A133AT,CRF01_AE,2,1.306306306,0.135353808,12.60722685,1,1
N254ND,CRF01_AE,1,3.926640927,0.159516803,96.6575851,0.433667781,1
Q216H,CRF01_AE,4,0.557639272,0.081972369,3.793492385,0.637303602,1
D232DE,CRF01_AE,2,1.306306306,0.135353808,12.60722685,1,1
E10EK,CRF01_AE,2,1.306306306,0.135353808,12.60722685,1,1
I113L,CRF01_AE,1,0.434317501,0.017643847,10.69107484,1,1
K7KR,CRF01_AE,3,0.185402531,0.009548106,3.600096137,0.262377568,1
L241V,CRF01_AE,1,3.926640927,0.159516803,96.6575851,0.433667781,1
T122I,CRF01_AE,4,0.143916702,0.007724907,2.681199459,0.137402223,1
D253DH,CRF01_AE,1,0.434317501,0.017643847,10.69107484,1,1
S39T,CRF01_AE,4,0.557639272,0.081972369,3.793492385,0.637303602,1
M50V,CRF01_AE,1,3.926640927,0.159516803,96.6575851,0.433667781,1
K136HQ,CRF01_AE,2,0.260077022,0.012449584,5.433117914,0.508251712,1
A21P,CRF01_AE,1,3.926640927,0.159516803,96.6575851,0.433667781,1
L63I,CRF01_AE,19,0.487825658,0.181166698,1.313563009,0.162328187,1
S119SG,CRF01_AE,1,3.926640927,0.159516803,96.6575851,0.433667781,1
S195C,CRF01_AE,20,0.254333765,0.080100276,0.807558561,0.01070373,0.158415203
D286DN,CRF01_AE,3,0.782239382,0.102880722,5.94764929,1,1
V54I,CRF01_AE,4,1.307096774,0.225315755,7.58270089,1,1
T218TI,CRF01_AE,3,0.782239382,0.102880722,5.94764929,1,1
G163Q,CRF01_AE,2,1.306306306,0.135353808,12.60722685,1,1
S283DG,CRF01_AE,4,1.307096774,0.225315755,7.58270089,1,1
N27NS,CRF01_AE,3,2.182795699,0.287082211,16.59662939,0.582151315,1
I220IM,CRF01_AE,2,1.306306306,0.135353808,12.60722685,1,1
H171HY,CRF01_AE,1,0.434317501,0.017643847,10.69107484,1,1
Q95QH,CRF01_AE,2,6.561290323,0.314080231,137.0685781,0.187793638,1
K211KQ,CRF01_AE,3,0.782239382,0.102880722,5.94764929,1,1
R20RK,CRF01_AE,20,0.096921097,0.018316853,0.512844597,0.000302424,0.006533425
V31VIM,CRF01_AE,1,3.926640927,0.159516803,96.6575851,0.433667781,1
G163D,CRF01_AE,1,3.926640927,0.159516803,96.6575851,0.433667781,1
I60L,CRF01_AE,19,0.102368778,0.019284818,0.543399827,0.000558849,0.011133988
Q209QP,CRF01_AE,1,3.926640927,0.159516803,96.6575851,0.433667781,1
Q214QP,CRF01_AE,1,3.926640927,0.159516803,96.6575851,0.433667781,1
Q164K,CRF01_AE,1,3.926640927,0.159516803,96.6575851,0.433667781,1
R187RK,CRF01_AE,3,0.185402531,0.009548106,3.600096137,0.262377568,1
T218TS,CRF01_AE,12,0.306298003,0.076621069,1.224447366,0.078658873,0.740823571
I208IM,CRF01_AE,3,0.185402531,0.009548106,3.600096137,0.262377568,1
D288DG,CRF01_AE,1,0.434317501,0.017643847,10.69107484,1,1
Q53H,CRF01_AE,2,0.260077022,0.012449584,5.433117914,0.508251712,1
V77VA,CRF01_AE,1,3.926640927,0.159516803,96.6575851,0.433667781,1
L241I,CRF01_AE,1,3.926640927,0.159516803,96.6575851,0.433667781,1
S24SN,CRF01_AE,2,1.306306306,0.135353808,12.60722685,1,1
G193DE,CRF01_AE,1,0.434317501,0.017643847,10.69107484,1,1
G59GE,CRF01_AE,2,6.561290323,0.314080231,137.0685781,0.187793638,1
G134GD,CRF01_AE,2,1.306306306,0.135353808,12.60722685,1,1
K160N,CRF01_AE,1,3.926640927,0.159516803,96.6575851,0.433667781,1
K219N,CRF01_AE,1,3.926640927,0.159516803,96.6575851,0.433667781,1
A80S,CRF01_AE,3,0.782239382,0.102880722,5.94764929,1,1
D279DG,CRF01_AE,6,0.353457353,0.057829462,2.160353864,0.241865285,1
E69K,CRF01_AE,1,3.926640927,0.159516803,96.6575851,0.433667781,1
I89IV,CRF01_AE,1,3.926640927,0.159516803,96.6575851,0.433667781,1
I60IV,CRF01_AE,2,1.306306306,0.135353808,12.60722685,1,1
A38V,CRF01_AE,1,3.926640927,0.159516803,96.6575851,0.433667781,1
S39Q,CRF01_AE,1,3.926640927,0.159516803,96.6575851,0.433667781,1
Q53K,CRF01_AE,3,0.782239382,0.102880722,5.94764929,1,1
K215KR,CRF01_AE,1,3.926640927,0.159516803,96.6575851,0.433667781,1
S57SG,CRF01_AE,5,0.432861433,0.06788276,2.760185644,0.395506004,1
G149GA,CRF01_AE,2,1.306306306,0.135353808,12.60722685,1,1
S39SG,CRF01_AE,2,1.306306306,0.135353808,12.60722685,1,1
L234IV,CRF01_AE,1,3.926640927,0.159516803,96.6575851,0.433667781,1
A23GV,CRF01_AE,1,3.926640927,0.159516803,96.6575851,0.433667781,1
L101LI,CRF01_AE,1,3.926640927,0.159516803,96.6575851,0.433667781,1
K111R,CRF01_AE,8,0.258172458,0.044502821,1.497725694,0.147647602,1
G193GE,CRF01_AE,2,1.306306306,0.135353808,12.60722685,1,1
T210S,CRF01_AE,2,1.306306306,0.135353808,12.60722685,1,1
K211N,CRF01_AE,1,3.926640927,0.159516803,96.6575851,0.433667781,1
K215KN,CRF01_AE,2,1.306306306,0.135353808,12.60722685,1,1
D270E,CRF01_AE,1,0.434317501,0.017643847,10.69107484,1,1
H51Y,CRF01_AE,1,3.926640927,0.159516803,96.6575851,0.433667781,1
A23I,CRF01_AE,1,3.926640927,0.159516803,96.6575851,0.433667781,1
S255SG,CRF01_AE,3,0.782239382,0.102880722,5.94764929,1,1
K156R,CRF01_AE,2,1.306306306,0.135353808,12.60722685,1,1
K103R,CRF01_AE,3,0.782239382,0.102880722,5.94764929,1,1
K215Q,CRF01_AE,1,3.926640927,0.159516803,96.6575851,0.433667781,1
E138K,CRF01_AE,1,3.926640927,0.159516803,96.6575851,0.433667781,1
K136HLQ,CRF01_AE,1,3.926640927,0.159516803,96.6575851,0.433667781,1
E157EQ,CRF01_AE,2,0.260077022,0.012449584,5.433117914,0.508251712,1
K160KT,CRF01_AE,1,0.434317501,0.017643847,10.69107484,1,1
N254S,CRF01_AE,3,0.782239382,0.102880722,5.94764929,1,1
S255G,CRF01_AE,8,0.258172458,0.044502821,1.497725694,0.147647602,1
T112L,CRF01_AE,1,3.926640927,0.159516803,96.6575851,0.433667781,1
V31VL,CRF01_AE,1,3.926640927,0.159516803,96.6575851,0.433667781,1
M154MI,CRF01_AE,1,0.434317501,0.017643847,10.69107484,1,1
I60M,CRF01_AE,3,0.185402531,0.009548106,3.600096137,0.262377568,1
L101IMV,CRF01_AE,1,3.926640927,0.159516803,96.6575851,0.433667781,1
A49P,CRF01_AE,2,0.260077022,0.012449584,5.433117914,0.508251712,1
D270H,CRF01_AE,1,3.926640927,0.159516803,96.6575851,0.433667781,1
K211T,CRF01_AE,2,1.306306306,0.135353808,12.60722685,1,1
K240KR,CRF01_AE,1,3.926640927,0.159516803,96.6575851,0.433667781,1
E35Q,CRF01_AE,1,3.926640927,0.159516803,96.6575851,0.433667781,1
G134GS,CRF01_AE,1,0.434317501,0.017643847,10.69107484,1,1
E87D,CRF01_AE,1,3.926640927,0.159516803,96.6575851,0.433667781,1
N27ND,CRF01_AE,2,0.260077022,0.012449584,5.433117914,0.508251712,1
D278G,CRF01_AE,1,0.434317501,0.017643847,10.69107484,1,1
Q53L,CRF01_AE,1,3.926640927,0.159516803,96.6575851,0.433667781,1
M178V,CRF01_AE,1,3.926640927,0.159516803,96.6575851,0.433667781,1
K42KR,CRF01_AE,1,3.926640927,0.159516803,96.6575851,0.433667781,1
K136KHNQ,CRF01_AE,2,0.260077022,0.012449584,5.433117914,0.508251712,1
G118R,CRF01_AE,1,3.926640927,0.159516803,96.6575851,0.433667781,1
Q146V,CRF01_AE,1,3.926640927,0.159516803,96.6575851,0.433667781,1
T66TI,CRF01_AE,1,3.926640927,0.159516803,96.6575851,0.433667781,1
E92Q,CRF01_AE,1,3.926640927,0.159516803,96.6575851,0.433667781,1
K71KR,CRF01_AE,1,3.926640927,0.159516803,96.6575851,0.433667781,1
L241LI,CRF01_AE,1,3.926640927,0.159516803,96.6575851,0.433667781,1
E85EG,CRF01_AE,1,0.434317501,0.017643847,10.69107484,1,1
D202A,CRF01_AE,1,0.434317501,0.017643847,10.69107484,1,1
K136KE,CRF01_AE,1,0.434317501,0.017643847,10.69107484,1,1
S17T,CRF01_AE,3,0.185402531,0.009548106,3.600096137,0.262377568,1
I161T,CRF01_AE,1,0.434317501,0.017643847,10.69107484,1,1
I84V,CRF01_AE,6,0.099239656,0.005573384,1.767060918,0.039078477,0.470759325
L63M,CRF01_AE,4,0.143916702,0.007724907,2.681199459,0.137402223,1
S153A,CRF01_AE,1,0.434317501,0.017643847,10.69107484,1,1
R231RK,CRF01_AE,1,0.434317501,0.017643847,10.69107484,1,1
T124Q,CRF01_AE,2,0.260077022,0.012449584,5.433117914,0.508251712,1
N222H,CRF01_AE,1,0.434317501,0.017643847,10.69107484,1,1
P90Q,CRF01_AE,1,0.434317501,0.017643847,10.69107484,1,1
A23G,CRF01_AE,1,0.434317501,0.017643847,10.69107484,1,1
T210TI,CRF01_AE,3,0.185402531,0.009548106,3.600096137,0.262377568,1
Y83F,CRF01_AE,2,0.260077022,0.012449584,5.433117914,0.508251712,1
S255D,CRF01_AE,1,0.434317501,0.017643847,10.69107484,1,1
C65CY,CRF01_AE,1,0.434317501,0.017643847,10.69107484,1,1
E198D,CRF01_AE,2,0.260077022,0.012449584,5.433117914,0.508251712,1
A23AG,CRF01_AE,2,0.260077022,0.012449584,5.433117914,0.508251712,1
D253H,CRF01_AE,4,0.143916702,0.007724907,2.681199459,0.137402223,1
T218TK,CRF01_AE,1,0.434317501,0.017643847,10.69107484,1,1
G134NS,CRF01_AE,2,0.260077022,0.012449584,5.433117914,0.508251712,1
N27H,CRF01_AE,1,0.434317501,0.017643847,10.69107484,1,1
K111KQ,CRF01_AE,1,0.434317501,0.017643847,10.69107484,1,1
V54VI,CRF01_AE,1,0.434317501,0.017643847,10.69107484,1,1
V32IL,CRF01_AE,1,0.434317501,0.017643847,10.69107484,1,1
A282V,CRF01_AE,1,0.434317501,0.017643847,10.69107484,1,1
I60IM,CRF01_AE,1,0.434317501,0.017643847,10.69107484,1,1
S119ST,CRF01_AE,1,0.434317501,0.017643847,10.69107484,1,1
H171HQ,CRF01_AE,2,0.260077022,0.012449584,5.433117914,0.508251712,1
S119A,CRF01_AE,5,0.11751663,0.006478238,2.131777078,0.072876278,0.699072446
L101LM,CRF01_AE,2,0.260077022,0.012449584,5.433117914,0.508251712,1
G163GDE,CRF01_AE,1,0.434317501,0.017643847,10.69107484,1,1
K136KQR,CRF01_AE,2,0.260077022,0.012449584,5.433117914,0.508251712,1
L63LI,CRF01_AE,3,0.185402531,0.009548106,3.600096137,0.262377568,1
G134GDNS,CRF01_AE,1,0.434317501,0.017643847,10.69107484,1,1
Q285QR,CRF01_AE,1,0.434317501,0.017643847,10.69107484,1,1
I268IV,CRF01_AE,1,0.434317501,0.017643847,10.69107484,1,1
I113IT,CRF01_AE,1,0.434317501,0.017643847,10.69107484,1,1
T122TI,CRF01_AE,4,0.143916702,0.007724907,2.681199459,0.137402223,1
I72IT,CRF01_AE,2,0.260077022,0.012449584,5.433117914,0.508251712,1
K111H,CRF01_AE,3,0.185402531,0.009548106,3.600096137,0.262377568,1
K111QR,CRF01_AE,1,0.434317501,0.017643847,10.69107484,1,1
L45S,CRF01_AE,2,0.260077022,0.012449584,5.433117914,0.508251712,1
S255T,CRF01_AE,1,0.434317501,0.017643847,10.69107484,1,1
G134DN,CRF01_AE,3,0.185402531,0.009548106,3.600096137,0.262377568,1
L101LIM,CRF01_AE,2,0.260077022,0.012449584,5.433117914,0.508251712,1
K173KR,CRF01_AE,3,0.185402531,0.009548106,3.600096137,0.262377568,1
D278DG,CRF01_AE,1,0.434317501,0.017643847,10.69107484,1,1
T124H,CRF01_AE,1,0.434317501,0.017643847,10.69107484,1,1
Q95P,CRF01_AE,1,0.434317501,0.017643847,10.69107484,1,1
L74LIM,CRF01_AE,2,0.260077022,0.012449584,5.433117914,0.508251712,1
I60IL,CRF01_AE,2,0.260077022,0.012449584,5.433117914,0.508251712,1
A49AP,CRF01_AE,1,0.434317501,0.017643847,10.69107484,1,1
Q164QK,CRF01_AE,1,0.434317501,0.017643847,10.69107484,1,1
L68LIM,CRF01_AE,1,0.434317501,0.017643847,10.69107484,1,1
D286DE,CRF01_AE,1,0.434317501,0.017643847,10.69107484,1,1
L2LF,CRF01_AE,2,0.260077022,0.012449584,5.433117914,0.508251712,1
D3DV,CRF01_AE,1,0.434317501,0.017643847,10.69107484,1,1
S81SR,CRF01_AE,2,0.260077022,0.012449584,5.433117914,0.508251712,1
I220IL,CRF01_AE,1,0.434317501,0.017643847,10.69107484,1,1
A265AS,CRF01_AE,1,0.434317501,0.017643847,10.69107484,1,1
E287D,CRF01_AE,1,0.434317501,0.017643847,10.69107484,1,1
A91AT,CRF01_AE,2,0.260077022,0.012449584,5.433117914,0.508251712,1
I141IT,CRF01_AE,1,0.434317501,0.017643847,10.69107484,1,1
Y227F,CRF01_AE,1,0.434317501,0.017643847,10.69107484,1,1
L101IM,CRF01_AE,1,0.434317501,0.017643847,10.69107484,1,1
Q216QH,CRF01_AE,2,0.260077022,0.012449584,5.433117914,0.508251712,1
S119SP,CRF01_AE,1,0.434317501,0.017643847,10.69107484,1,1
Q285P,CRF01_AE,1,0.434317501,0.017643847,10.69107484,1,1
A205AS,CRF01_AE,1,0.434317501,0.017643847,10.69107484,1,1
L101M,CRF01_AE,1,0.434317501,0.017643847,10.69107484,1,1
S119PT,CRF01_AE,1,0.434317501,0.017643847,10.69107484,1,1
L45LP,CRF01_AE,1,0.434317501,0.017643847,10.69107484,1,1
K46KQ,CRF01_AE,1,0.434317501,0.017643847,10.69107484,1,1
L101LV,CRF01_AE,3,0.185402531,0.009548106,3.600096137,0.262377568,1
E13ED,CRF01_AE,1,0.434317501,0.017643847,10.69107484,1,1
I84IL,CRF01_AE,2,0.260077022,0.012449584,5.433117914,0.508251712,1
L68M,CRF01_AE,1,0.434317501,0.017643847,10.69107484,1,1
A49AG,CRF01_AE,1,0.434317501,0.017643847,10.69107484,1,1
V150A,CRF01_AE,2,0.260077022,0.012449584,5.433117914,0.508251712,1
A265T,CRF01_AE,1,0.434317501,0.017643847,10.69107484,1,1
P30F,CRF01_AE,1,0.434317501,0.017643847,10.69107484,1,1
I60T,CRF01_AE,1,0.434317501,0.017643847,10.69107484,1,1
V88VI,CRF01_AE,3,0.185402531,0.009548106,3.600096137,0.262377568,1
K240Q,CRF01_AE,2,0.260077022,0.012449584,5.433117914,0.508251712,1
Q95E,CRF01_AE,1,0.434317501,0.017643847,10.69107484,1,1
Q95D,CRF01_AE,1,0.434317501,0.017643847,10.69107484,1,1
D3DE,CRF01_AE,2,0.260077022,0.012449584,5.433117914,0.508251712,1
I89IL,CRF01_AE,1,0.434317501,0.017643847,10.69107484,1,1
Y194YN,CRF01_AE,1,0.434317501,0.017643847,10.69107484,1,1
K219Q,CRF01_AE,1,0.434317501,0.017643847,10.69107484,1,1
I220M,CRF01_AE,3,0.185402531,0.009548106,3.600096137,0.262377568,1
V31VIL,CRF01_AE,1,0.434317501,0.017643847,10.69107484,1,1
Q221QE,CRF01_AE,1,0.434317501,0.017643847,10.69107484,1,1
N117K,CRF01_AE,1,0.434317501,0.017643847,10.69107484,1,1
E11DHNY,CRF01_AE,1,0.434317501,0.017643847,10.69107484,1,1
S17SR,CRF01_AE,1,0.434317501,0.017643847,10.69107484,1,1
S24SR,CRF01_AE,1,0.434317501,0.017643847,10.69107484,1,1
S39IKRT,CRF01_AE,1,0.434317501,0.017643847,10.69107484,1,1
R263RS,CRF01_AE,2,0.260077022,0.012449584,5.433117914,0.508251712,1
K34KN,CRF01_AE,1,0.434317501,0.017643847,10.69107484,1,1
E212I,CRF01_AE,1,0.434317501,0.017643847,10.69107484,1,1
H183HL,CRF01_AE,3,0.185402531,0.009548106,3.600096137,0.262377568,1
E157D,CRF01_AE,1,0.434317501,0.017643847,10.69107484,1,1
K46KR,CRF01_AE,1,0.434317501,0.017643847,10.69107484,1,1
Q95K,CRF01_AE,1,0.434317501,0.017643847,10.69107484,1,1
A91E,CRF01_AE,1,0.434317501,0.017643847,10.69107484,1,1
L74LM,CRF01_AE,1,0.434317501,0.017643847,10.69107484,1,1
A175AT,CRF01_AE,1,0.434317501,0.017643847,10.69107484,1,1
I203IL,CRF01_AE,1,0.434317501,0.017643847,10.69107484,1,1
T210TS,CRF01_AE,1,0.434317501,0.017643847,10.69107484,1,1
F26SY,CRF01_AE,1,0.434317501,0.017643847,10.69107484,1,1
V37VIL,CRF01_AE,1,0.434317501,0.017643847,10.69107484,1,1
I161IF,CRF01_AE,1,0.434317501,0.017643847,10.69107484,1,1
T124AG,CRF01_AE,1,0.434317501,0.017643847,10.69107484,1,1
H171HP,CRF01_AE,2,0.260077022,0.012449584,5.433117914,0.508251712,1
K273KN,CRF01_AE,1,0.434317501,0.017643847,10.69107484,1,1
E11IV,CRF01_AE,1,0.434317501,0.017643847,10.69107484,1,1
L158IV,CRF01_AE,1,0.434317501,0.017643847,10.69107484,1,1
E11DN,CRF01_AE,1,0.434317501,0.017643847,10.69107484,1,1
V32VG,CRF01_AE,1,0.434317501,0.017643847,10.69107484,1,1
S39K,CRF01_AE,1,0.434317501,0.017643847,10.69107484,1,1
D167N,CRF01_AE,1,0.434317501,0.017643847,10.69107484,1,1
G149GV,CRF01_AE,1,0.434317501,0.017643847,10.69107484,1,1
D202E,CRF01_AE,1,0.434317501,0.017643847,10.69107484,1,1
K136LP,CRF01_AE,1,0.434317501,0.017643847,10.69107484,1,1
S255SINT,CRF01_AE,1,0.434317501,0.017643847,10.69107484,1,1
M22L,CRF01_AE,1,0.434317501,0.017643847,10.69107484,1,1
K34R,CRF01_AE,1,0.434317501,0.017643847,10.69107484,1,1
F100L,CRF01_AE,1,0.434317501,0.017643847,10.69107484,1,1
K211KQR,CRF01_AE,1,0.434317501,0.017643847,10.69107484,1,1
E212IK,CRF01_AE,1,0.434317501,0.017643847,10.69107484,1,1
N155NI,CRF01_AE,1,0.434317501,0.017643847,10.69107484,1,1
R262S,CRF01_AE,1,0.434317501,0.017643847,10.69107484,1,1
Q221QR,CRF01_AE,1,0.434317501,0.017643847,10.69107484,1,1
L102LV,CRF01_AE,1,0.434317501,0.017643847,10.69107484,1,1
P109PA,CRF01_AE,1,0.434317501,0.017643847,10.69107484,1,1
T124AD,CRF01_AE,1,0.434317501,0.017643847,10.69107484,1,1
T174TR,CRF01_AE,1,0.434317501,0.017643847,10.69107484,1,1
H183FLPS,CRF01_AE,1,0.434317501,0.017643847,10.69107484,1,1
D202DE,CRF01_AE,1,0.434317501,0.017643847,10.69107484,1,1
D207DH,CRF01_AE,1,0.434317501,0.017643847,10.69107484,1,1
V281VG,CRF01_AE,1,0.434317501,0.017643847,10.69107484,1,1
E287EG,CRF01_AE,1,0.434317501,0.017643847,10.69107484,1,1
E287ED,CRF01_AE,1,0.434317501,0.017643847,10.69107484,1,1
N222NH,CRF01_AE,2,0.260077022,0.012449584,5.433117914,0.508251712,1
S24A,CRF01_AE,2,0.260077022,0.012449584,5.433117914,0.508251712,1
H171HL,CRF01_AE,1,0.434317501,0.017643847,10.69107484,1,1
V176VL,CRF01_AE,1,0.434317501,0.017643847,10.69107484,1,1
A23AT,CRF01_AE,1,0.434317501,0.017643847,10.69107484,1,1
G277GD,CRF01_AE,1,0.434317501,0.017643847,10.69107484,1,1
K71E,CRF01_AE,1,0.434317501,0.017643847,10.69107484,1,1
N254NS,CRF01_AE,2,0.260077022,0.012449584,5.433117914,0.508251712,1
T125IV,CRF01_AE,1,0.434317501,0.017643847,10.69107484,1,1
G70GE,CRF01_AE,1,0.434317501,0.017643847,10.69107484,1,1
N144NS,CRF01_AE,1,0.434317501,0.017643847,10.69107484,1,1
S39M,CRF01_AE,1,0.434317501,0.017643847,10.69107484,1,1
N254NHKQ,CRF01_AE,1,0.434317501,0.017643847,10.69107484,1,1
N254HQ,CRF01_AE,1,0.434317501,0.017643847,10.69107484,1,1
K71H,CRF01_AE,1,0.434317501,0.017643847,10.69107484,1,1
N27NH,CRF01_AE,1,0.434317501,0.017643847,10.69107484,1,1
T124TN,CRF01_AE,1,0.434317501,0.017643847,10.69107484,1,1
V31I,BC_related,538,1.837859331,1.300858706,2.596536354,0.000459444,0.013639755
T112V,BC_related,696,0.427246377,0.261156599,0.698965554,0.000859797,0.022689084
T124A,BC_related,644,0.329907503,0.222416278,0.489347998,3.81E-08,2.26E-06
T125A,BC_related,725,0.475268198,0.254538266,0.887410224,0.026584147,0.341282971
V126M,BC_related,1,5.787762906,0.234945117,142.5788278,0.342036554,0.856341039
G134N,BC_related,6,1.93256262,0.43590304,8.567956493,0.416842708,0.975370868
I135V,BC_related,68,1.930498021,1.173478949,3.175875128,0.010905696,0.178627773
K160Q,BC_related,7,2.494335452,0.612074528,10.16495387,0.238557739,0.856341039
D167E,BC_related,20,2.914758718,1.20355449,7.058939545,0.017381979,0.250195154
V201I,BC_related,667,0.31299385,0.203508208,0.481381813,1.09E-07,5.73E-06
L234I,BC_related,387,2.979579444,2.177591341,4.076932845,3.06E-12,3.63E-10
V259I,BC_related,7,1.500107043,0.368110481,6.113167803,0.695904677,1
S283G,BC_related,718,0.646901254,0.360361344,1.161282252,0.159129106,0.856341039
E11D,BC_related,62,0.719880934,0.406022503,1.276354278,0.266182084,0.856341039
S24N,BC_related,17,1.742012201,0.682082356,4.449032412,0.302832264,0.856341039
L101I,BC_related,755,0.86599665,0.266544455,2.813602695,1,1
K136N,BC_related,29,3.2469992,1.531016069,6.886279001,0.0022058,0.055145
K211R,BC_related,76,4.578732675,2.773205402,7.559769247,1.03E-09,6.99E-08
T218I,BC_related,64,3.838864608,2.25858848,6.5248192,3.80E-07,1.80E-05
R269K,BC_related,527,0.488486932,0.356164585,0.669969708,1.21E-05,0.000480731
D278A,BC_related,708,1.152328863,0.650763639,2.040467118,0.667100207,1
L74IM,BC_related,2,1.92543021,0.199290962,18.60235637,1,1
K42Q,BC_related,653,0.935796747,0.61715348,1.418959108,0.830013316,1
I72IV,BC_related,15,2.215455141,0.82035984,5.983034813,0.166367923,0.856341039
I135L,BC_related,362,0.132390306,0.092167446,0.190166852,2.42E-33,1.15E-30
K136Q,BC_related,548,0.209580838,0.150076361,0.292678523,9.78E-21,2.32E-18
K173R,BC_related,13,3.033220218,1.02682967,8.960030239,0.071582267,0.739164712
T206TS,BC_related,4,17.56479691,0.942007099,327.5156744,0.013480525,0.200101544
L234S,BC_related,322,0.366233766,0.264919689,0.506293707,5.24E-10,4.14E-08
L45V,BC_related,18,0.998440546,0.382391264,2.606972539,1,1
I72V,BC_related,36,0.32106642,0.128155845,0.804361645,0.006873826,0.136044482
I113V,BC_related,23,1.513971397,0.666370271,3.439693351,0.374756614,0.917574183
K136H,BC_related,50,3.707861875,2.051338762,6.702081556,9.68E-06,0.000418197
K14R,BC_related,285,2.833845291,2.079512011,3.861809449,4.29E-11,4.08E-09
A21T,BC_related,2,1.92543021,0.199290962,18.60235637,1,1
K136R,BC_related,34,2.529045506,1.275565623,5.014301933,0.00901011,0.158511188
K14KR,BC_related,26,0.730844498,0.310608503,1.719636377,0.53041673,1
S17SN,BC_related,8,1.22490804,0.318008569,4.718110932,1,1
K156KN,BC_related,1,0.639365079,0.025954184,15.75035883,1,1
R284G,BC_related,34,1.559233359,0.786534298,3.091039607,0.266535875,0.856341039
D286N,BC_related,7,2.494335452,0.612074528,10.16495387,0.238557739,0.856341039
S39N,BC_related,11,0.500555612,0.123280531,2.032404612,0.347944885,0.856341039
V165I,BC_related,91,1.238685209,0.79056007,1.940827907,0.409993249,0.975370868
S283SG,BC_related,3,1.152963671,0.15145708,8.776910433,1,1
I84M,BC_related,410,4.001840265,2.878972624,5.562652932,5.81E-18,9.20E-16
D6E,BC_related,12,2.665895748,0.878050673,8.094066045,0.120370571,0.85337345
A23V,BC_related,7,0.439917635,0.074060383,2.613104566,0.432355397,1
E157K,BC_related,1,5.787762906,0.234945117,142.5788278,0.342036554,0.856341039
G134S,BC_related,8,5.093567251,1.175385308,22.07312545,0.02190062,0.297222706
L74I,BC_related,40,0.413149517,0.184479737,0.925264347,0.025119096,0.331432513
M50I,BC_related,33,0.530037293,0.232334622,1.209202183,0.133561211,0.856341039
M50R,BC_related,1,0.639365079,0.025954184,15.75035883,1,1
G193E,BC_related,10,0.894669236,0.249341603,3.210186479,1,1
V260VI,BC_related,2,0.382857143,0.018312364,8.004405773,0.549316541,1
R269RK,BC_related,38,1.017446658,0.516892296,2.002733859,1,1
D288N,BC_related,6,1.067391768,0.225804585,5.045624682,1,1
M22I,BC_related,1,0.639365079,0.025954184,15.75035883,1,1
L28V,BC_related,1,0.639365079,0.025954184,15.75035883,1,1
L45Q,BC_related,6,1.93256262,0.43590304,8.567956493,0.416842708,0.975370868
T206S,BC_related,28,1.973843058,0.93822118,4.152599091,0.102376478,0.85219331
V32I,BC_related,29,0.885697792,0.404336489,1.940118194,0.842732468,1
S39C,BC_related,10,0.299184865,0.053117714,1.68515504,0.177219236,0.856341039
K127R,BC_related,7,0.126349206,0.007187794,2.221004454,0.102311705,0.85219331
H171Q,BC_related,10,0.299184865,0.053117714,1.68515504,0.177219236,0.856341039
L28I,BC_related,27,0.693761634,0.296511337,1.623226991,0.414400526,0.975370868
Y99F,BC_related,1,0.639365079,0.025954184,15.75035883,1,1
F139Y,BC_related,7,4.293203883,0.955497256,19.29006019,0.049688349,0.548882928
R20K,BC_related,8,0.73601063,0.169850673,3.189340606,0.722214198,1
S119T,BC_related,11,0.500555612,0.123280531,2.032404612,0.347944885,0.856341039
I203M,BC_related,25,0.035816993,0.00217163,0.590734608,4.05E-05,0.001479418
I208L,BC_related,12,1.016839231,0.321166993,3.219390671,1,1
Q95H,BC_related,4,1.928982726,0.332053424,11.20595089,0.609558997,1
D25E,BC_related,2,0.382857143,0.018312364,8.004405773,0.549316541,1
S119G,BC_related,1,0.639365079,0.025954184,15.75035883,1,1
V31VI,BC_related,26,0.878298731,0.384441575,2.006569296,0.834654586,1
T124G,BC_related,7,2.494335452,0.612074528,10.16495387,0.238557739,0.856341039
E10A,BC_related,8,1.22490804,0.318008569,4.718110932,1,1
P90PS,BC_related,5,5.843326886,0.91513751,37.31075247,0.049145536,0.548882928
T124N,BC_related,64,2.515216986,1.505508954,4.2021115,0.000503947,0.014080867
E138D,BC_related,19,2.168942157,0.890132089,5.2849573,0.092400617,0.85219331
I251L,BC_related,3,1.152963671,0.15145708,8.776910433,1,1
V281M,BC_related,16,1.531053662,0.580851317,4.035671857,0.432071297,1
D55DG,BC_related,1,5.787762906,0.234945117,142.5788278,0.342036554,0.856341039
K136L,BC_related,1,5.787762906,0.234945117,142.5788278,0.342036554,0.856341039
D41N,BC_related,57,1.142715335,0.65599502,1.990561358,0.66530362,1
T112I,BC_related,39,3.24413336,1.685685601,6.243395123,0.000403744,0.012785232
G163E,BC_related,21,3.870556673,1.582151211,9.468885691,0.00374691,0.087689593
S195ST,BC_related,1,5.787762906,0.234945117,142.5788278,0.342036554,0.856341039
A91S,BC_related,2,9.683301344,0.463153813,202.4518038,0.116694824,0.85219331
V126A,BC_related,10,6.713163065,1.625565328,27.72362178,0.003876803,0.087689593
A128T,BC_related,5,21.55145631,1.187015876,391.2881694,0.004564272,0.095260511
S17N,BC_related,20,0.674538052,0.252044857,1.805240499,0.478009118,1
K160KR,BC_related,14,1.947162427,0.699809597,5.41781869,0.25631153,0.856341039
K160R,BC_related,22,0.750251048,0.298943724,1.882884941,0.649362986,1
A23AV,BC_related,3,1.152963671,0.15145708,8.776910433,1,1
K42R,BC_related,20,0.515385968,0.179776108,1.477519447,0.233909941,0.856341039
L45LI,BC_related,6,1.93256262,0.43590304,8.567956493,0.416842708,0.975370868
I84L,BC_related,6,3.499032882,0.740193472,16.54058238,0.188388242,0.856341039
I162V,BC_related,13,2.251241909,0.779084614,6.505185752,0.147200622,0.856341039
F181L,BC_related,4,1.928982726,0.332053424,11.20595089,0.609558997,1
E157Q,BC_related,9,3.631021999,0.981538158,13.43230587,0.069572317,0.734374459
K160T,BC_related,11,4.785573955,1.365729832,16.76884955,0.010017836,0.169945424
I220V,BC_related,43,2.319008096,1.257217051,4.277541848,0.007889841,0.144141319
K7R,BC_related,14,4.625082508,1.517165649,14.09957325,0.007322808,0.139133344
L234IN,BC_related,2,1.92543021,0.199290962,18.60235637,1,1
Q137H,BC_related,3,0.27292517,0.01404402,5.303905141,0.554920589,1
G193D,BC_related,4,0.821906583,0.120666307,5.598335174,1,1
S255SN,BC_related,7,0.871575641,0.193986367,3.91596642,1,1
K127KR,BC_related,3,0.27292517,0.01404402,5.303905141,0.554920589,1
I135IV,BC_related,8,0.73601063,0.169850673,3.189340606,0.722214198,1
K136QR,BC_related,7,1.500107043,0.368110481,6.113167803,0.695904677,1
K215N,BC_related,3,0.27292517,0.01404402,5.303905141,0.554920589,1
D256E,BC_related,9,0.636596289,0.150946703,2.684754461,0.725695682,1
L101V,BC_related,3,0.27292517,0.01404402,5.303905141,0.554920589,1
A91T,BC_related,2,1.92543021,0.199290962,18.60235637,1,1
I161L,BC_related,4,17.56479691,0.942007099,327.5156744,0.013480525,0.200101544
D278DA,BC_related,9,1.034385653,0.279628791,3.826335888,1,1
D6DN,BC_related,1,5.787762906,0.234945117,142.5788278,0.342036554,0.856341039
L74M,BC_related,3,1.152963671,0.15145708,8.776910433,1,1
V37I,BC_related,3,3.221369162,0.423165297,24.5228504,0.270658676,0.856341039
T112A,BC_related,5,1.375102824,0.269444201,7.017808398,1,1
S119P,BC_related,22,0.040846561,0.002467749,0.676098671,0.000120338,0.004082893
V150VA,BC_related,1,5.787762906,0.234945117,142.5788278,0.342036554,0.856341039
V201VI,BC_related,8,1.22490804,0.318008569,4.718110932,1,1
S230N,BC_related,4,0.211851852,0.011362021,3.950107641,0.305061681,0.856341039
Q252K,BC_related,2,9.683301344,0.463153813,202.4518038,0.116694824,0.85219331
M50T,BC_related,1,0.639365079,0.025954184,15.75035883,1,1
K103KR,BC_related,1,0.639365079,0.025954184,15.75035883,1,1
G106A,BC_related,27,0.458036677,0.178117503,1.177860648,0.098483387,0.85219331
D6N,BC_related,5,0.172987013,0.009528159,3.140638993,0.171620381,0.856341039
L63V,BC_related,2,1.92543021,0.199290962,18.60235637,1,1
V151VI,BC_related,1,0.639365079,0.025954184,15.75035883,1,1
K111T,BC_related,2,0.382857143,0.018312364,8.004405773,0.549316541,1
E96D,BC_related,2,0.382857143,0.018312364,8.004405773,0.549316541,1
K188KR,BC_related,2,0.382857143,0.018312364,8.004405773,0.549316541,1
S255N,BC_related,8,0.73601063,0.169850673,3.189340606,0.722214198,1
K188R,BC_related,14,1.947162427,0.699809597,5.41781869,0.25631153,0.856341039
I268L,BC_related,1,5.787762906,0.234945117,142.5788278,0.342036554,0.856341039
S283D,BC_related,15,2.215455141,0.82035984,5.983034813,0.166367923,0.856341039
S24SG,BC_related,2,1.92543021,0.199290962,18.60235637,1,1
H171Y,BC_related,1,5.787762906,0.234945117,142.5788278,0.342036554,0.856341039
V259VI,BC_related,1,5.787762906,0.234945117,142.5788278,0.342036554,0.856341039
K211KR,BC_related,7,1.500107043,0.368110481,6.113167803,0.695904677,1
R284RG,BC_related,11,0.78782727,0.224853049,2.760344181,0.757127284,1
T112IR,BC_related,1,5.787762906,0.234945117,142.5788278,0.342036554,0.856341039
M275V,BC_related,1,5.787762906,0.234945117,142.5788278,0.342036554,0.856341039
K211Q,BC_related,5,2.710982659,0.531196086,13.83561959,0.344781584,0.856341039
T218L,BC_related,3,13.6088632,0.700262131,264.4740437,0.039712898,0.460088456
M50MT,BC_related,1,5.787762906,0.234945117,142.5788278,0.342036554,0.856341039
T112IV,BC_related,14,0.819839735,0.268963368,2.498991575,0.781388321,1
I113IV,BC_related,4,1.928982726,0.332053424,11.20595089,0.609558997,1
L45I,BC_related,11,2.301435407,0.73201025,7.235697766,0.199763916,0.856341039
L68LS,BC_related,1,5.787762906,0.234945117,142.5788278,0.342036554,0.856341039
V32VI,BC_related,6,1.067391768,0.225804585,5.045624682,1,1
K111KR,BC_related,4,1.928982726,0.332053424,11.20595089,0.609558997,1
D167DE,BC_related,6,1.93256262,0.43590304,8.567956493,0.416842708,0.975370868
V176L,BC_related,1,5.787762906,0.234945117,142.5788278,0.342036554,0.856341039
L45R,BC_related,1,5.787762906,0.234945117,142.5788278,0.342036554,0.856341039
L234V,BC_related,3,3.221369162,0.423165297,24.5228504,0.270658676,0.856341039
D270DE,BC_related,3,3.221369162,0.423165297,24.5228504,0.270658676,0.856341039
K42KQ,BC_related,5,1.375102824,0.269444201,7.017808398,1,1
G163S,BC_related,2,1.92543021,0.199290962,18.60235637,1,1
T125Q,BC_related,1,5.787762906,0.234945117,142.5788278,0.342036554,0.856341039
G134D,BC_related,8,1.22490804,0.318008569,4.718110932,1,1
T124S,BC_related,18,3.033134526,1.193934712,7.705534447,0.021742721,0.297222706
E212A,BC_related,5,2.710982659,0.531196086,13.83561959,0.344781584,0.856341039
D229E,BC_related,2,9.683301344,0.463153813,202.4518038,0.116694824,0.85219331
E13G,BC_related,3,13.6088632,0.700262131,264.4740437,0.039712898,0.460088456
L74V,BC_related,7,2.494335452,0.612074528,10.16495387,0.238557739,0.856341039
K136KQ,BC_related,3,1.152963671,0.15145708,8.776910433,1,1
E138ED,BC_related,3,3.221369162,0.423165297,24.5228504,0.270658676,0.856341039
G163HQ,BC_related,1,5.787762906,0.234945117,142.5788278,0.342036554,0.856341039
T125V,BC_related,4,17.56479691,0.942007099,327.5156744,0.013480525,0.200101544
D232E,BC_related,3,0.27292517,0.01404402,5.303905141,0.554920589,1
Q95S,BC_related,1,0.639365079,0.025954184,15.75035883,1,1
T218S,BC_related,14,1.947162427,0.699809597,5.41781869,0.25631153,0.856341039
E287A,BC_related,1,5.787762906,0.234945117,142.5788278,0.342036554,0.856341039
D279G,BC_related,2,0.382857143,0.018312364,8.004405773,0.549316541,1
G106GA,BC_related,2,9.683301344,0.463153813,202.4518038,0.116694824,0.85219331
T112AV,BC_related,3,3.221369162,0.423165297,24.5228504,0.270658676,0.856341039
G163GE,BC_related,2,9.683301344,0.463153813,202.4518038,0.116694824,0.85219331
V165VI,BC_related,18,1.572925437,0.628794725,3.934661554,0.4508909,1
S230SN,BC_related,1,5.787762906,0.234945117,142.5788278,0.342036554,0.856341039
D256DE,BC_related,3,3.221369162,0.423165297,24.5228504,0.270658676,0.856341039
R187K,BC_related,14,1.947162427,0.699809597,5.41781869,0.25631153,0.856341039
N254K,BC_related,14,0.378119002,0.096448027,1.482394028,0.156290438,0.856341039
S57G,BC_related,2,1.92543021,0.199290962,18.60235637,1,1
V249I,BC_related,2,9.683301344,0.463153813,202.4518038,0.116694824,0.85219331
L28LM,BC_related,1,5.787762906,0.234945117,142.5788278,0.342036554,0.856341039
I84IM,BC_related,29,0.243538009,0.079073182,0.7500743,0.004612614,0.095260511
V281VM,BC_related,6,1.93256262,0.43590304,8.567956493,0.416842708,0.975370868
D41DN,BC_related,3,1.152963671,0.15145708,8.776910433,1,1
L234T,BC_related,8,0.380497132,0.065498068,2.210417379,0.275780362,0.856341039
A128AT,BC_related,2,1.92543021,0.199290962,18.60235637,1,1
I161IT,BC_related,2,9.683301344,0.463153813,202.4518038,0.116694824,0.85219331
K136HR,BC_related,1,5.787762906,0.234945117,142.5788278,0.342036554,0.856341039
E11ED,BC_related,2,1.92543021,0.199290962,18.60235637,1,1
N222K,BC_related,1,0.639365079,0.025954184,15.75035883,1,1
I217V,BC_related,1,5.787762906,0.234945117,142.5788278,0.342036554,0.856341039
L74LI,BC_related,3,3.221369162,0.423165297,24.5228504,0.270658676,0.856341039
L234C,BC_related,4,4.527296082,0.664650124,30.83789363,0.118410018,0.85219331
S17R,BC_related,1,5.787762906,0.234945117,142.5788278,0.342036554,0.856341039
M50MI,BC_related,7,0.871575641,0.193986367,3.91596642,1,1
L234G,BC_related,1,5.787762906,0.234945117,142.5788278,0.342036554,0.856341039
V260I,BC_related,3,3.221369162,0.423165297,24.5228504,0.270658676,0.856341039
S195T,BC_related,1,0.639365079,0.025954184,15.75035883,1,1
A196P,BC_related,1,0.639365079,0.025954184,15.75035883,1,1
I208M,BC_related,2,0.382857143,0.018312364,8.004405773,0.549316541,1
I220L,BC_related,5,0.637985978,0.099919884,4.073524636,0.665665676,1
D278N,BC_related,2,9.683301344,0.463153813,202.4518038,0.116694824,0.85219331
K136KR,BC_related,1,5.787762906,0.234945117,142.5788278,0.342036554,0.856341039
D41G,BC_related,1,5.787762906,0.234945117,142.5788278,0.342036554,0.856341039
V110I,BC_related,3,13.6088632,0.700262131,264.4740437,0.039712898,0.460088456
K156KR,BC_related,1,5.787762906,0.234945117,142.5788278,0.342036554,0.856341039
I203IM,BC_related,7,1.500107043,0.368110481,6.113167803,0.695904677,1
D288DN,BC_related,5,2.710982659,0.531196086,13.83561959,0.344781584,0.856341039
L45LV,BC_related,4,0.821906583,0.120666307,5.598335174,1,1
T124TA,BC_related,4,1.928982726,0.332053424,11.20595089,0.609558997,1
I135LV,BC_related,8,1.936170213,0.519675756,7.213642444,0.455646668,1
D3N,BC_related,1,0.639365079,0.025954184,15.75035883,1,1
S255SR,BC_related,1,5.787762906,0.234945117,142.5788278,0.342036554,0.856341039
A21S,BC_related,4,1.928982726,0.332053424,11.20595089,0.609558997,1
T112M,BC_related,4,0.821906583,0.120666307,5.598335174,1,1
K173KQ,BC_related,1,5.787762906,0.234945117,142.5788278,0.342036554,0.856341039
D6DE,BC_related,2,0.382857143,0.018312364,8.004405773,0.549316541,1
D41S,BC_related,3,3.221369162,0.423165297,24.5228504,0.270658676,0.856341039
L101IV,BC_related,2,1.92543021,0.199290962,18.60235637,1,1
S24G,BC_related,1,0.639365079,0.025954184,15.75035883,1,1
I60V,BC_related,2,9.683301344,0.463153813,202.4518038,0.116694824,0.85219331
T125AV,BC_related,1,0.639365079,0.025954184,15.75035883,1,1
K136HQR,BC_related,1,5.787762906,0.234945117,142.5788278,0.342036554,0.856341039
D25DE,BC_related,2,0.382857143,0.018312364,8.004405773,0.549316541,1
S195SC,BC_related,3,0.27292517,0.01404402,5.303905141,0.554920589,1
I72T,BC_related,6,0.520945594,0.085117984,3.188331071,0.669839364,1
A205S,BC_related,12,0.246155125,0.044605866,1.358394124,0.067634724,0.730147586
D253E,BC_related,3,13.6088632,0.700262131,264.4740437,0.039712898,0.460088456
K240R,BC_related,1,0.639365079,0.025954184,15.75035883,1,1
G163GR,BC_related,1,5.787762906,0.234945117,142.5788278,0.342036554,0.856341039
L68LV,BC_related,1,5.787762906,0.234945117,142.5788278,0.342036554,0.856341039
G163A,BC_related,3,3.221369162,0.423165297,24.5228504,0.270658676,0.856341039
I162IV,BC_related,14,2.561432673,0.912292779,7.191701496,0.087340016,0.85219331
T125TA,BC_related,8,0.73601063,0.169850673,3.189340606,0.722214198,1
K136T,BC_related,1,0.639365079,0.025954184,15.75035883,1,1
A265V,BC_related,2,0.382857143,0.018312364,8.004405773,0.549316541,1
I208IL,BC_related,1,5.787762906,0.234945117,142.5788278,0.342036554,0.856341039
H78Y,BC_related,1,5.787762906,0.234945117,142.5788278,0.342036554,0.856341039
D41DG,BC_related,2,1.92543021,0.199290962,18.60235637,1,1
K136S,BC_related,1,5.787762906,0.234945117,142.5788278,0.342036554,0.856341039
Q216H,BC_related,2,0.382857143,0.018312364,8.004405773,0.549316541,1
D232DE,BC_related,1,5.787762906,0.234945117,142.5788278,0.342036554,0.856341039
I113L,BC_related,6,1.067391768,0.225804585,5.045624682,1,1
K7KR,BC_related,4,1.928982726,0.332053424,11.20595089,0.609558997,1
S153SA,BC_related,1,5.787762906,0.234945117,142.5788278,0.342036554,0.856341039
V77I,BC_related,5,2.710982659,0.531196086,13.83561959,0.344781584,0.856341039
T122I,BC_related,5,0.637985978,0.099919884,4.073524636,0.665665676,1
D253DH,BC_related,1,5.787762906,0.234945117,142.5788278,0.342036554,0.856341039
S39T,BC_related,1,5.787762906,0.234945117,142.5788278,0.342036554,0.856341039
S24D,BC_related,2,1.92543021,0.199290962,18.60235637,1,1
M50V,BC_related,2,0.382857143,0.018312364,8.004405773,0.549316541,1
K136HQ,BC_related,6,1.93256262,0.43590304,8.567956493,0.416842708,0.975370868
I208IV,BC_related,1,5.787762906,0.234945117,142.5788278,0.342036554,0.856341039
S195C,BC_related,7,0.871575641,0.193986367,3.91596642,1,1
D286DN,BC_related,3,1.152963671,0.15145708,8.776910433,1,1
C280S,BC_related,6,1.067391768,0.225804585,5.045624682,1,1
G59R,BC_related,1,5.787762906,0.234945117,142.5788278,0.342036554,0.856341039
S230G,BC_related,2,1.92543021,0.199290962,18.60235637,1,1
S255R,BC_related,1,5.787762906,0.234945117,142.5788278,0.342036554,0.856341039
L45LM,BC_related,1,0.639365079,0.025954184,15.75035883,1,1
V54I,BC_related,2,9.683301344,0.463153813,202.4518038,0.116694824,0.85219331
G70S,BC_related,1,5.787762906,0.234945117,142.5788278,0.342036554,0.856341039
M50ML,BC_related,1,5.787762906,0.234945117,142.5788278,0.342036554,0.856341039
G163GA,BC_related,2,1.92543021,0.199290962,18.60235637,1,1
Q44H,BC_related,1,5.787762906,0.234945117,142.5788278,0.342036554,0.856341039
K160G,BC_related,1,5.787762906,0.234945117,142.5788278,0.342036554,0.856341039
T218TI,BC_related,4,1.928982726,0.332053424,11.20595089,0.609558997,1
G163Q,BC_related,3,3.221369162,0.423165297,24.5228504,0.270658676,0.856341039
S283DG,BC_related,11,0.78782727,0.224853049,2.760344181,0.757127284,1
I84ILM,BC_related,1,5.787762906,0.234945117,142.5788278,0.342036554,0.856341039
R20RK,BC_related,5,1.375102824,0.269444201,7.017808398,1,1
Y99YF,BC_related,1,0.639365079,0.025954184,15.75035883,1,1
E10EA,BC_related,2,1.92543021,0.199290962,18.60235637,1,1
G163V,BC_related,2,1.92543021,0.199290962,18.60235637,1,1
R187RK,BC_related,4,0.211851852,0.011362021,3.950107641,0.305061681,0.856341039
T218TS,BC_related,5,1.375102824,0.269444201,7.017808398,1,1
I208IM,BC_related,3,3.221369162,0.423165297,24.5228504,0.270658676,0.856341039
S24SN,BC_related,2,1.92543021,0.199290962,18.60235637,1,1
L158I,BC_related,5,0.637985978,0.099919884,4.073524636,0.665665676,1
Q252QH,BC_related,1,5.787762906,0.234945117,142.5788278,0.342036554,0.856341039
G193DE,BC_related,1,5.787762906,0.234945117,142.5788278,0.342036554,0.856341039
G59GE,BC_related,2,0.382857143,0.018312364,8.004405773,0.549316541,1
G134GD,BC_related,3,1.152963671,0.15145708,8.776910433,1,1
L68V,BC_related,1,0.639365079,0.025954184,15.75035883,1,1
S195SN,BC_related,1,5.787762906,0.234945117,142.5788278,0.342036554,0.856341039
I60IV,BC_related,1,0.639365079,0.025954184,15.75035883,1,1
S57SG,BC_related,1,0.639365079,0.025954184,15.75035883,1,1
L234IV,BC_related,2,0.382857143,0.018312364,8.004405773,0.549316541,1
G59E,BC_related,3,0.27292517,0.01404402,5.303905141,0.554920589,1
K211S,BC_related,5,2.710982659,0.531196086,13.83561959,0.344781584,0.856341039
E212T,BC_related,1,5.787762906,0.234945117,142.5788278,0.342036554,0.856341039
K111R,BC_related,3,3.221369162,0.423165297,24.5228504,0.270658676,0.856341039
G193GE,BC_related,1,0.639365079,0.025954184,15.75035883,1,1
T112IMV,BC_related,1,5.787762906,0.234945117,142.5788278,0.342036554,0.856341039
L234IS,BC_related,14,0.57878864,0.173299005,1.933053742,0.401764753,0.975370868
K215KN,BC_related,1,5.787762906,0.234945117,142.5788278,0.342036554,0.856341039
L234N,BC_related,15,0.349399303,0.089869797,1.358408237,0.102774061,0.85219331
G197R,BC_related,1,5.787762906,0.234945117,142.5788278,0.342036554,0.856341039
D270E,BC_related,1,5.787762906,0.234945117,142.5788278,0.342036554,0.856341039
K103R,BC_related,2,1.92543021,0.199290962,18.60235637,1,1
E13D,BC_related,1,0.639365079,0.025954184,15.75035883,1,1
V176VI,BC_related,1,0.639365079,0.025954184,15.75035883,1,1
R284RI,BC_related,1,5.787762906,0.234945117,142.5788278,0.342036554,0.856341039
E138K,BC_related,1,5.787762906,0.234945117,142.5788278,0.342036554,0.856341039
G140A,BC_related,1,5.787762906,0.234945117,142.5788278,0.342036554,0.856341039
S147G,BC_related,1,5.787762906,0.234945117,142.5788278,0.342036554,0.856341039
Q148R,BC_related,1,5.787762906,0.234945117,142.5788278,0.342036554,0.856341039
V79I,BC_related,1,5.787762906,0.234945117,142.5788278,0.342036554,0.856341039
K160KN,BC_related,1,5.787762906,0.234945117,142.5788278,0.342036554,0.856341039
E157EQ,BC_related,2,9.683301344,0.463153813,202.4518038,0.116694824,0.85219331
K160KT,BC_related,1,5.787762906,0.234945117,142.5788278,0.342036554,0.856341039
I60M,BC_related,1,5.787762906,0.234945117,142.5788278,0.342036554,0.856341039
I220IV,BC_related,4,1.928982726,0.332053424,11.20595089,0.609558997,1
E157T,BC_related,1,5.787762906,0.234945117,142.5788278,0.342036554,0.856341039
A49P,BC_related,1,5.787762906,0.234945117,142.5788278,0.342036554,0.856341039
K244KR,BC_related,1,5.787762906,0.234945117,142.5788278,0.342036554,0.856341039
D41DE,BC_related,1,5.787762906,0.234945117,142.5788278,0.342036554,0.856341039
K211T,BC_related,1,0.639365079,0.025954184,15.75035883,1,1
A276G,BC_related,1,5.787762906,0.234945117,142.5788278,0.342036554,0.856341039
Q146QR,BC_related,1,5.787762906,0.234945117,142.5788278,0.342036554,0.856341039
E35Q,BC_related,1,0.639365079,0.025954184,15.75035883,1,1
G134GS,BC_related,5,0.637985978,0.099919884,4.073524636,0.665665676,1
G4E,BC_related,1,5.787762906,0.234945117,142.5788278,0.342036554,0.856341039
C56Y,BC_related,2,1.92543021,0.199290962,18.60235637,1,1
N27ND,BC_related,1,5.787762906,0.234945117,142.5788278,0.342036554,0.856341039
A98G,BC_related,2,1.92543021,0.199290962,18.60235637,1,1
M154L,BC_related,2,1.92543021,0.199290962,18.60235637,1,1
D278G,BC_related,1,5.787762906,0.234945117,142.5788278,0.342036554,0.856341039
S81SG,BC_related,1,5.787762906,0.234945117,142.5788278,0.342036554,0.856341039
K136KHNQ,BC_related,1,5.787762906,0.234945117,142.5788278,0.342036554,0.856341039
V180VI,BC_related,1,5.787762906,0.234945117,142.5788278,0.342036554,0.856341039
N27D,BC_related,1,0.639365079,0.025954184,15.75035883,1,1
Q177L,BC_related,1,0.639365079,0.025954184,15.75035883,1,1
T66TI,BC_related,1,0.639365079,0.025954184,15.75035883,1,1
H16Q,BC_related,1,5.787762906,0.234945117,142.5788278,0.342036554,0.856341039
K219KR,BC_related,1,5.787762906,0.234945117,142.5788278,0.342036554,0.856341039
I161T,BC_related,1,0.639365079,0.025954184,15.75035883,1,1
S153A,BC_related,1,0.639365079,0.025954184,15.75035883,1,1
R231RK,BC_related,1,0.639365079,0.025954184,15.75035883,1,1
H51Q,BC_related,6,0.146080586,0.00819713,2.603293816,0.099987286,0.85219331
L2I,BC_related,1,0.639365079,0.025954184,15.75035883,1,1
L234ST,BC_related,1,0.639365079,0.025954184,15.75035883,1,1
T210TI,BC_related,1,0.639365079,0.025954184,15.75035883,1,1
E13EG,BC_related,2,0.382857143,0.018312364,8.004405773,0.549316541,1
E198D,BC_related,2,0.382857143,0.018312364,8.004405773,0.549316541,1
V249VI,BC_related,1,0.639365079,0.025954184,15.75035883,1,1
A23AG,BC_related,2,0.382857143,0.018312364,8.004405773,0.549316541,1
L234IT,BC_related,1,0.639365079,0.025954184,15.75035883,1,1
D278V,BC_related,1,0.639365079,0.025954184,15.75035883,1,1
V54VI,BC_related,1,0.639365079,0.025954184,15.75035883,1,1
F26FY,BC_related,1,0.639365079,0.025954184,15.75035883,1,1
T125P,BC_related,1,0.639365079,0.025954184,15.75035883,1,1
Q214H,BC_related,1,0.639365079,0.025954184,15.75035883,1,1
L2S,BC_related,1,0.639365079,0.025954184,15.75035883,1,1
I113IL,BC_related,1,0.639365079,0.025954184,15.75035883,1,1
S119SPRT,BC_related,1,0.639365079,0.025954184,15.75035883,1,1
S17C,BC_related,1,0.639365079,0.025954184,15.75035883,1,1
G4S,BC_related,1,0.639365079,0.025954184,15.75035883,1,1
K42QR,BC_related,2,0.382857143,0.018312364,8.004405773,0.549316541,1
I60IM,BC_related,2,0.382857143,0.018312364,8.004405773,0.549316541,1
S119ST,BC_related,4,0.211851852,0.011362021,3.950107641,0.305061681,0.856341039
H171HQ,BC_related,2,0.382857143,0.018312364,8.004405773,0.549316541,1
K136KQR,BC_related,1,0.639365079,0.025954184,15.75035883,1,1
L63LI,BC_related,1,0.639365079,0.025954184,15.75035883,1,1
G134GDNS,BC_related,1,0.639365079,0.025954184,15.75035883,1,1
I268IV,BC_related,1,0.639365079,0.025954184,15.75035883,1,1
V126VA,BC_related,2,0.382857143,0.018312364,8.004405773,0.549316541,1
N222NK,BC_related,2,0.382857143,0.018312364,8.004405773,0.549316541,1
F181FL,BC_related,2,0.382857143,0.018312364,8.004405773,0.549316541,1
T122TI,BC_related,1,0.639365079,0.025954184,15.75035883,1,1
I72IT,BC_related,3,0.27292517,0.01404402,5.303905141,0.554920589,1
S255T,BC_related,3,0.27292517,0.01404402,5.303905141,0.554920589,1
A38S,BC_related,1,0.639365079,0.025954184,15.75035883,1,1
T124TADN,BC_related,2,0.382857143,0.018312364,8.004405773,0.549316541,1
L234NS,BC_related,3,0.27292517,0.01404402,5.303905141,0.554920589,1
T124H,BC_related,1,0.639365079,0.025954184,15.75035883,1,1
L28LIM,BC_related,1,0.639365079,0.025954184,15.75035883,1,1
A49AP,BC_related,1,0.639365079,0.025954184,15.75035883,1,1
D278T,BC_related,3,0.27292517,0.01404402,5.303905141,0.554920589,1
E10ED,BC_related,1,0.639365079,0.025954184,15.75035883,1,1
D278AT,BC_related,1,0.639365079,0.025954184,15.75035883,1,1
I220IL,BC_related,1,0.639365079,0.025954184,15.75035883,1,1
Q216QH,BC_related,1,0.639365079,0.025954184,15.75035883,1,1
I84LM,BC_related,1,0.639365079,0.025954184,15.75035883,1,1
I141V,BC_related,1,0.639365079,0.025954184,15.75035883,1,1
T93N,BC_related,1,0.639365079,0.025954184,15.75035883,1,1
G163GV,BC_related,1,0.639365079,0.025954184,15.75035883,1,1
S119PT,BC_related,1,0.639365079,0.025954184,15.75035883,1,1
I135IL,BC_related,6,0.146080586,0.00819713,2.603293816,0.099987286,0.85219331
Y15YF,BC_related,1,0.639365079,0.025954184,15.75035883,1,1
H16HP,BC_related,1,0.639365079,0.025954184,15.75035883,1,1
A33AS,BC_related,1,0.639365079,0.025954184,15.75035883,1,1
H78HR,BC_related,1,0.639365079,0.025954184,15.75035883,1,1
V150VI,BC_related,1,0.639365079,0.025954184,15.75035883,1,1
D202V,BC_related,1,0.639365079,0.025954184,15.75035883,1,1
I200IL,BC_related,1,0.639365079,0.025954184,15.75035883,1,1
I161V,BC_related,1,0.639365079,0.025954184,15.75035883,1,1
F100Y,BC_related,2,0.382857143,0.018312364,8.004405773,0.549316541,1
A265AV,BC_related,2,0.382857143,0.018312364,8.004405773,0.549316541,1
L213IV,BC_related,2,0.382857143,0.018312364,8.004405773,0.549316541,1
D207DE,BC_related,1,0.639365079,0.025954184,15.75035883,1,1
N254Q,BC_related,1,0.639365079,0.025954184,15.75035883,1,1
D278S,BC_related,1,0.639365079,0.025954184,15.75035883,1,1
D3Y,BC_related,1,0.639365079,0.025954184,15.75035883,1,1
I220M,BC_related,1,0.639365079,0.025954184,15.75035883,1,1
V31VIL,BC_related,1,0.639365079,0.025954184,15.75035883,1,1
F100FC,BC_related,1,0.639365079,0.025954184,15.75035883,1,1
Q9QLPR,BC_related,1,0.639365079,0.025954184,15.75035883,1,1
K215S,BC_related,1,0.639365079,0.025954184,15.75035883,1,1
D232DN,BC_related,1,0.639365079,0.025954184,15.75035883,1,1
T218K,BC_related,1,0.639365079,0.025954184,15.75035883,1,1
M275MLV,BC_related,1,0.639365079,0.025954184,15.75035883,1,1
N254NK,BC_related,1,0.639365079,0.025954184,15.75035883,1,1
D278NT,BC_related,1,0.639365079,0.025954184,15.75035883,1,1
L28LI,BC_related,2,0.382857143,0.018312364,8.004405773,0.549316541,1
E35EQ,BC_related,1,0.639365079,0.025954184,15.75035883,1,1
R228RK,BC_related,2,0.382857143,0.018312364,8.004405773,0.549316541,1
L74LM,BC_related,1,0.639365079,0.025954184,15.75035883,1,1
D41DGNS,BC_related,1,0.639365079,0.025954184,15.75035883,1,1
M50MV,BC_related,3,0.27292517,0.01404402,5.303905141,0.554920589,1
R166REGK,BC_related,1,0.639365079,0.025954184,15.75035883,1,1
A175AT,BC_related,1,0.639365079,0.025954184,15.75035883,1,1
E198EK,BC_related,1,0.639365079,0.025954184,15.75035883,1,1
A205APST,BC_related,1,0.639365079,0.025954184,15.75035883,1,1
K211KIRT,BC_related,1,0.639365079,0.025954184,15.75035883,1,1
K42LPQR,BC_related,1,0.639365079,0.025954184,15.75035883,1,1
K264R,BC_related,1,0.639365079,0.025954184,15.75035883,1,1
K266INST,BC_related,1,0.639365079,0.025954184,15.75035883,1,1
R269RKMT,BC_related,1,0.639365079,0.025954184,15.75035883,1,1
G163AV,BC_related,1,0.639365079,0.025954184,15.75035883,1,1
S39R,BC_related,1,0.639365079,0.025954184,15.75035883,1,1
K42X,BC_related,1,0.639365079,0.025954184,15.75035883,1,1
T124AG,BC_related,2,0.382857143,0.018312364,8.004405773,0.549316541,1
H171HP,BC_related,3,0.27292517,0.01404402,5.303905141,0.554920589,1
D202DN,BC_related,1,0.639365079,0.025954184,15.75035883,1,1
S230R,BC_related,1,0.639365079,0.025954184,15.75035883,1,1
K111KT,BC_related,2,0.382857143,0.018312364,8.004405773,0.549316541,1
Q137QH,BC_related,1,0.639365079,0.025954184,15.75035883,1,1
I135FV,BC_related,1,0.639365079,0.025954184,15.75035883,1,1
D202E,BC_related,1,0.639365079,0.025954184,15.75035883,1,1
I203V,BC_related,1,0.639365079,0.025954184,15.75035883,1,1
D229DN,BC_related,1,0.639365079,0.025954184,15.75035883,1,1
H16HQ,BC_related,1,0.639365079,0.025954184,15.75035883,1,1
D41DHNY,BC_related,1,0.639365079,0.025954184,15.75035883,1,1
K71KN,BC_related,1,0.639365079,0.025954184,15.75035883,1,1
D3DY,BC_related,1,0.639365079,0.025954184,15.75035883,1,1
G47GE,BC_related,1,0.639365079,0.025954184,15.75035883,1,1
V281VL,BC_related,1,0.639365079,0.025954184,15.75035883,1,1
K136KN,BC_related,1,0.639365079,0.025954184,15.75035883,1,1
P261S,BC_related,1,0.639365079,0.025954184,15.75035883,1,1
L242LF,BC_related,1,0.639365079,0.025954184,15.75035883,1,1
V250VI,BC_related,1,0.639365079,0.025954184,15.75035883,1,1
S123SC,BC_related,1,0.639365079,0.025954184,15.75035883,1,1
A49AS,BC_related,1,0.639365079,0.025954184,15.75035883,1,1
F223Y,BC_related,1,0.639365079,0.025954184,15.75035883,1,1
P233L,BC_related,1,0.639365079,0.025954184,15.75035883,1,1
C56S,BC_related,1,0.639365079,0.025954184,15.75035883,1,1
K42KQR,BC_related,1,0.639365079,0.025954184,15.75035883,1,1
E96ED,BC_related,1,0.639365079,0.025954184,15.75035883,1,1
E212V,BC_related,1,0.639365079,0.025954184,15.75035883,1,1
K136I,BC_related,1,0.639365079,0.025954184,15.75035883,1,1
T124AS,BC_related,1,0.639365079,0.025954184,15.75035883,1,1
V180I,BC_related,1,0.639365079,0.025954184,15.75035883,1,1
N254H,BC_related,1,0.639365079,0.025954184,15.75035883,1,1
I141IV,BC_related,1,0.639365079,0.025954184,15.75035883,1,1
G4R,BC_related,1,0.639365079,0.025954184,15.75035883,1,1
E152K,BC_related,1,0.639365079,0.025954184,15.75035883,1,1
