"Lineage_Track","From","To","Bootstrap_Support(%)","Direction_Confidence(%)"
"CRF01_AE","A21T","S39N","100.00"," 85.75"
"CRF01_AE","D25E","D3E","100.00"," 83.50"
"CRF01_AE","T124A","T124G","100.00"," 83.25"
"CRF01_AE","A21T","A23V","100.00"," 83.25"
"CRF01_AE","K136R","L101I","100.00"," 81.25"
"CRF01_AE","L234T","L234I","100.00"," 80.00"
"CRF01_AE","G193E","D288N","100.00"," 76.25"
"CRF01_AE","L234V","L234I","100.00"," 76.00"
"CRF01_AE","G134D","G134N","100.00"," 69.75"
"CRF01_AE","L234T","D41N","100.00"," 65.50"
"CRF01_AE","R284G","D286N","100.00"," 65.00"
"CRF01_AE","K136R","K136Q","100.00"," 59.50"
"CRF01_AE","T124N","T124A","100.00"," 57.75"
"CRF01_AE","S195C","G193D","100.00"," 54.75"
"CRF01_AE","I135V","I113V","100.00"," 54.25"
"CRF01_AE","A21T","G193E","100.00"," 54.00"
"CRF01_AE","T124S","T124A","100.00"," 53.50"
"CRF01_AE","K136R","K136H","100.00"," 53.25"
"CRF01_AE","S283D","S283G","100.00"," 52.50"
"CRF01_AE","T112V","T112I","100.00"," 50.50"
"CRF01_AE","L63I","L74I","100.00"," 50.25"
"CRF01_AE","L74I","L63I","100.00"," 49.75"
"CRF01_AE","T112I","T112V","100.00"," 49.50"
"CRF01_AE","S283G","S283D","100.00"," 47.50"
"CRF01_AE","K136H","K136R","100.00"," 46.75"
"CRF01_AE","T124A","T124S","100.00"," 46.50"
"CRF01_AE","G193E","A21T","100.00"," 46.00"
"CRF01_AE","I113V","I135V","100.00"," 45.75"
"CRF01_AE","G193D","S195C","100.00"," 45.25"
"CRF01_AE","T124A","T124N","100.00"," 42.25"
"CRF01_AE","K136Q","K136R","100.00"," 40.50"
"CRF01_AE","D286N","R284G","100.00"," 35.00"
"CRF01_AE","D41N","L234T","100.00"," 34.50"
"CRF01_AE","G134N","G134D","100.00"," 30.25"
"CRF01_AE","L234I","L234V","100.00"," 24.00"
"CRF01_AE","D288N","G193E","100.00"," 23.75"
"CRF01_AE","L234I","L234T","100.00"," 20.00"
"CRF01_AE","L101I","K136R","100.00"," 18.75"
"CRF01_AE","A23V","A21T","100.00"," 16.75"
"CRF01_AE","T124G","T124A","100.00"," 16.75"
"CRF01_AE","D3E","D25E","100.00"," 16.50"
"CRF01_AE","S39N","A21T","100.00"," 14.25"
"CRF01_AE","L101I","I72V"," 99.50"," 94.50"
"CRF01_AE","K136R","V126L"," 99.50"," 92.25"
"CRF01_AE","T125A","T125V"," 99.50"," 70.39"
"CRF01_AE","T125V","T125A"," 99.50"," 29.61"
"CRF01_AE","V126L","K136R"," 99.50","  7.75"
"CRF01_AE","I72V","L101I"," 99.50","  5.50"
"CRF01_AE","E11D","K14R"," 98.50"," 58.25"
"CRF01_AE","K14R","E11D"," 98.50"," 41.75"
"CRF01_AE","S39N","A23V"," 98.00"," 70.25"
"CRF01_AE","A23V","S39N"," 98.00"," 29.75"
"CRF01_AE","I72V","I60L"," 97.50"," 60.22"
"CRF01_AE","I60L","I72V"," 97.50"," 39.78"
"CRF01_AE","S119R","K71Q"," 97.00"," 62.06"
"CRF01_AE","K71Q","S119R"," 97.00"," 37.94"
"CRF01_AE","S39N","N27S"," 96.50"," 98.62"
"CRF01_AE","N27S","S39N"," 96.50","  1.38"
"CRF01_AE","G134S","G134N"," 95.50"," 67.72"
"CRF01_AE","G134N","G134S"," 95.50"," 32.28"
"CRF01_AE","K136H","K136Q"," 95.50"," 62.17"
"CRF01_AE","K136Q","K136H"," 95.50"," 37.83"
"CRF01_AE","A21T","R20K"," 94.50"," 92.31"
"CRF01_AE","R20K","A21T"," 94.50","  7.69"
"CRF01_AE","N27G","D278N"," 94.00"," 88.55"
"CRF01_AE","D278N","N27G"," 94.00"," 11.45"
"CRF01_AE","G193E","D279G"," 93.50"," 71.96"
"CRF01_AE","D279G","G193E"," 93.50"," 28.04"
"CRF01_AE","V126M","S119A"," 93.00"," 61.25"
"CRF01_AE","S119A","V126M"," 93.00"," 38.75"
"CRF01_AE","G193E","D286N"," 92.50"," 74.77"
"CRF01_AE","D286N","G193E"," 92.50"," 25.23"
"CRF01_AE","I72V","S39N"," 91.00"," 73.01"
"CRF01_AE","S39N","I72V"," 91.00"," 26.99"
"CRF01_AE","S39N","E11D"," 90.50"," 52.29"
"CRF01_AE","E11D","S39N"," 90.50"," 47.71"
"CRF01_AE","S39N","N27G"," 90.00"," 95.70"
"CRF01_AE","N27G","S39N"," 90.00","  4.30"
"CRF01_AE","K136R","I135V"," 89.50"," 87.97"
"CRF01_AE","I135V","K136R"," 89.50"," 12.03"
"CRF01_AE","K14R","S17N"," 89.50"," 80.14"
"CRF01_AE","M22I","L28V"," 89.50"," 57.16"
"CRF01_AE","L28V","M22I"," 89.50"," 42.84"
"CRF01_AE","S17N","K14R"," 89.50"," 19.86"
"CRF01_AE","I135V","V281M"," 89.00"," 85.87"
"CRF01_AE","V281M","I135V"," 89.00"," 14.13"
"CRF01_AE","L101I","T125A"," 88.00"," 64.54"
"CRF01_AE","T125A","L101I"," 88.00"," 35.46"
"CRF01_AE","I204L","I200L"," 87.50"," 53.30"
"CRF01_AE","I200L","I204L"," 87.50"," 46.70"
"CRF01_AE","D256E","E11ED"," 87.00"," 79.50"
"CRF01_AE","E11ED","D256E"," 87.00"," 20.50"
"CRF01_AE","M154I","I84V"," 86.50"," 58.58"
"CRF01_AE","I84V","M154I"," 86.50"," 41.42"
"CRF01_AE","G193E","R20K"," 86.00"," 90.18"
"CRF01_AE","R20K","G193E"," 86.00","  9.82"
"CRF01_AE","K111R","E198D"," 85.00"," 57.59"
"CRF01_AE","E198D","K111R"," 85.00"," 42.41"
"CRF01_AE","D286N","D288N"," 83.50"," 87.87"
"CRF01_AE","D288N","D286N"," 83.50"," 12.13"
"CRF01_AE","S255G","N254S"," 83.50"," 63.11"
"CRF01_AE","N254S","S255G"," 83.50"," 36.89"
"CRF01_AE","Q252K","K240Q"," 83.00"," 55.98"
"CRF01_AE","K240Q","Q252K"," 83.00"," 44.02"
"CRF01_AE","D278N","L45Q"," 82.00"," 70.52"
"CRF01_AE","L45Q","D278N"," 82.00"," 29.48"
"CRF01_AE","G193E","I208M"," 81.50"," 96.09"
"CRF01_AE","I208M","G193E"," 81.50","  3.91"
"CRF01_AE","L234T","I60V"," 79.00"," 93.18"
"CRF01_AE","I60V","L234T"," 79.00","  6.82"
"CRF01_AE","R187K","I161T"," 78.50"," 80.81"
"CRF01_AE","I161T","R187K"," 78.50"," 19.19"
"CRF01_AE","K14R","F181L"," 77.00"," 99.29"
"CRF01_AE","F181L","K14R"," 77.00","  0.71"
"CRF01_AE","A23V","N27G"," 77.00"," 96.23"
"CRF01_AE","N27G","A23V"," 77.00","  3.77"
"CRF01_AE","A23V","D25E"," 76.00"," 92.54"
"CRF01_AE","D25E","A23V"," 76.00","  7.46"
"CRF01_AE","A21T","K14R"," 75.50"," 90.07"
"CRF01_AE","K14R","A21T"," 75.50","  9.93"
"CRF01_AE","S17T","A21S"," 74.50"," 51.85"
"CRF01_AE","A21S","S17T"," 74.50"," 48.15"
"CRF01_AE","G193E","S119P"," 74.00"," 97.27"
"CRF01_AE","S119P","G193E"," 74.00","  2.73"
"CRF01_AE","K14R","S119P"," 73.50"," 79.42"
"CRF01_AE","S119P","K14R"," 73.50"," 20.58"
"CRF01_AE","I208M","K111Q"," 73.00"," 82.88"
"CRF01_AE","K111Q","I208M"," 73.00"," 17.12"
"CRF01_AE","S39N","D6E"," 72.50"," 98.13"
"CRF01_AE","D6E","S39N"," 72.50","  1.87"
"CRF01_AE","D167E","I113V"," 70.00"," 67.45"
"CRF01_AE","I113V","D167E"," 70.00"," 32.55"
"CRF01_AE","L74I","V176L"," 69.50"," 87.18"
"CRF01_AE","G193E","G193D"," 69.50"," 64.08"
"CRF01_AE","G193D","G193E"," 69.50"," 35.92"
"CRF01_AE","V176L","L74I"," 69.50"," 12.82"
"CRF01_AE","D286N","D279G"," 69.50"," 90.35"
"CRF01_AE","D279G","D286N"," 69.50","  9.65"
"CRF01_AE","R20K","M50T"," 69.00"," 98.32"
"CRF01_AE","M50T","R20K"," 69.00","  1.68"
"CRF01_AE","V165I","V151I"," 68.50"," 63.76"
"CRF01_AE","V151I","V165I"," 68.50"," 36.24"
"CRF01_AE","N222K","K219N"," 68.50"," 79.59"
"CRF01_AE","A91E","Q95K"," 68.50"," 51.48"
"CRF01_AE","Q95K","A91E"," 68.50"," 48.52"
"CRF01_AE","K219N","N222K"," 68.50"," 20.41"
"CRF01_AE","K111Q","G106A"," 67.50"," 63.08"
"CRF01_AE","G106A","K111Q"," 67.50"," 36.92"
"CRF01_AE","V259I","K160Q"," 67.00"," 83.29"
"CRF01_AE","K160Q","V259I"," 67.00"," 16.71"
"CRF01_AE","V31I","S24G"," 67.00"," 86.47"
"CRF01_AE","S24G","V31I"," 67.00"," 13.53"
"CRF01_AE","I268L","D270H"," 66.50"," 52.25"
"CRF01_AE","D270H","I268L"," 66.50"," 47.75"
"CRF01_AE","S119R","Q95D"," 66.50"," 90.20"
"CRF01_AE","Q95D","S119R"," 66.50","  9.80"
"CRF01_AE","S39C","S255D"," 66.00"," 88.77"
"CRF01_AE","S255D","S39C"," 66.00"," 11.23"
"CRF01_AE","S119A","D167N"," 66.00"," 87.06"
"CRF01_AE","S24N","N222H"," 66.00"," 83.83"
"CRF01_AE","N222H","S24N"," 66.00"," 16.17"
"CRF01_AE","D167N","S119A"," 66.00"," 12.94"
"CRF01_AE","D167E","V281M"," 65.50"," 79.00"
"CRF01_AE","V281M","D167E"," 65.50"," 21.00"
"CRF01_AE","I60M","P90Q"," 65.50"," 69.69"
"CRF01_AE","A23I","H51Y"," 65.50"," 57.18"
"CRF01_AE","H51Y","A23I"," 65.50"," 42.82"
"CRF01_AE","P90Q","I60M"," 65.50"," 30.31"
"CRF01_AE","T125A","K219Q"," 65.00"," 87.82"
"CRF01_AE","K219Q","T125A"," 65.00"," 12.18"
"CRF01_AE","K111T","K136P"," 65.00"," 78.20"
"CRF01_AE","A38T","K136E"," 65.00"," 61.01"
"CRF01_AE","K136E","A38T"," 65.00"," 38.99"
"CRF01_AE","K136P","K111T"," 65.00"," 21.80"
"CRF01_AE","S119R","Q95E"," 65.00"," 87.72"
"CRF01_AE","S255N","E157D"," 65.00"," 73.40"
"CRF01_AE","E157D","S255N"," 65.00"," 26.60"
"CRF01_AE","Q95E","S119R"," 65.00"," 12.28"
"CRF01_AE","I220L","E35Q"," 65.00"," 72.25"
"CRF01_AE","E35Q","I220L"," 65.00"," 27.75"
"CRF01_AE","D253N","D3N"," 64.50"," 51.24"
"CRF01_AE","D3N","D253N"," 64.50"," 48.76"
"CRF01_AE","S119T","K273KN"," 64.00"," 93.18"
"CRF01_AE","K160N","G59E"," 64.00"," 53.01"
"CRF01_AE","G59E","K160N"," 64.00"," 46.99"
"CRF01_AE","K273KN","S119T"," 64.00","  6.82"
"CRF01_AE","L74M","V281G"," 64.00"," 75.51"
"CRF01_AE","L101M","T124H"," 64.00"," 70.00"
"CRF01_AE","S195T","A23T"," 64.00"," 68.38"
"CRF01_AE","A23T","S195T"," 64.00"," 31.62"
"CRF01_AE","T124H","L101M"," 64.00"," 30.00"
"CRF01_AE","V281G","L74M"," 64.00"," 24.49"
"CRF01_AE","K215N","E92Q"," 63.50"," 91.66"
"CRF01_AE","E92Q","K215N"," 63.50","  8.34"
"CRF01_AE","Q53K","V249I"," 63.50"," 58.36"
"CRF01_AE","V249I","Q53K"," 63.50"," 41.64"
"CRF01_AE","N254S","L158I"," 63.50"," 74.27"
"CRF01_AE","Q216H","N27H"," 63.50"," 69.47"
"CRF01_AE","K103R","S57G"," 63.50"," 65.22"
"CRF01_AE","S57G","K103R"," 63.50"," 34.78"
"CRF01_AE","N27H","Q216H"," 63.50"," 30.53"
"CRF01_AE","L158I","N254S"," 63.50"," 25.73"
"CRF01_AE","D253E","D286E"," 63.50"," 83.63"
"CRF01_AE","D253H","A282V"," 63.50"," 80.24"
"CRF01_AE","V31I","L45Q"," 63.50"," 57.82"
"CRF01_AE","F100L","E212K"," 63.50"," 54.86"
"CRF01_AE","E212K","F100L"," 63.50"," 45.14"
"CRF01_AE","L45Q","V31I"," 63.50"," 42.18"
"CRF01_AE","A282V","D253H"," 63.50"," 19.76"
"CRF01_AE","D286E","D253E"," 63.50"," 16.37"
"CRF01_AE","T124S","N117K"," 63.00"," 87.43"
"CRF01_AE","D270N","E287D"," 63.00"," 69.48"
"CRF01_AE","E287D","D270N"," 63.00"," 30.52"
"CRF01_AE","N117K","T124S"," 63.00"," 12.57"
"CRF01_AE","S119R","V37VIL"," 63.00"," 89.28"
"CRF01_AE","T218I","R231K"," 63.00"," 85.73"
"CRF01_AE","T124S","E11I"," 63.00"," 85.70"
"CRF01_AE","E11I","T124S"," 63.00"," 14.30"
"CRF01_AE","R231K","T218I"," 63.00"," 14.27"
"CRF01_AE","V37VIL","S119R"," 63.00"," 10.72"
"CRF01_AE","M22I","A38V"," 63.00"," 88.87"
"CRF01_AE","V176L","I135L"," 63.00"," 87.92"
"CRF01_AE","M178V","Q53L"," 63.00"," 50.96"
"CRF01_AE","Q53L","M178V"," 63.00"," 49.04"
"CRF01_AE","I135L","V176L"," 63.00"," 12.08"
"CRF01_AE","A38V","M22I"," 63.00"," 11.13"
"CRF01_AE","D286N","V281M"," 62.50"," 92.16"
"CRF01_AE","L234T","D232E"," 62.50"," 90.23"
"CRF01_AE","R187K","K211T"," 62.50"," 75.15"
"CRF01_AE","K211T","R187K"," 62.50"," 24.85"
"CRF01_AE","D232E","L234T"," 62.50","  9.77"
"CRF01_AE","V281M","D286N"," 62.50","  7.84"
"CRF01_AE","L45Q","K103R"," 62.50"," 87.86"
"CRF01_AE","K103R","L45Q"," 62.50"," 12.14"
"CRF01_AE","K136Q","D278N"," 62.00"," 86.55"
"CRF01_AE","I220M","V31VIL"," 62.00"," 74.09"
"CRF01_AE","V31VIL","I220M"," 62.00"," 25.91"
"CRF01_AE","D278N","K136Q"," 62.00"," 13.45"
"CRF01_AE","Y99F","E87D"," 62.00"," 83.98"
"CRF01_AE","I220L","K42R"," 62.00"," 79.29"
"CRF01_AE","C43S","D41G"," 62.00"," 53.44"
"CRF01_AE","D41G","C43S"," 62.00"," 46.56"
"CRF01_AE","K42R","I220L"," 62.00"," 20.71"
"CRF01_AE","E87D","Y99F"," 62.00"," 16.02"
"CRF01_AE","Y99F","F139Y"," 61.50"," 78.58"
"CRF01_AE","L241I","V77A"," 61.50"," 53.25"
"CRF01_AE","K34KN","E212I"," 61.50"," 51.84"
"CRF01_AE","E212I","K34KN"," 61.50"," 48.16"
"CRF01_AE","V77A","L241I"," 61.50"," 46.75"
"CRF01_AE","F139Y","Y99F"," 61.50"," 21.42"
"CRF01_AE","K215N","G277D"," 61.00"," 91.53"
"CRF01_AE","A23V","L234T"," 61.00"," 84.93"
"CRF01_AE","L234T","A23V"," 61.00"," 15.07"
"CRF01_AE","G277D","K215N"," 61.00","  8.47"
"CRF01_AE","M50T","F26Y"," 60.50"," 88.53"
"CRF01_AE","F26Y","M50T"," 60.50"," 11.47"
"CRF01_AE","H171Q","G163D"," 60.50"," 94.97"
"CRF01_AE","G163D","H171Q"," 60.50","  5.03"
"CRF01_AE","V176L","Q95P"," 60.50"," 89.49"
"CRF01_AE","A91T","N254Q"," 60.50"," 54.58"
"CRF01_AE","I72A","P90S"," 60.50"," 54.28"
"CRF01_AE","K160E","Q164L"," 60.50"," 51.00"
"CRF01_AE","Q164L","K160E"," 60.50"," 49.00"
"CRF01_AE","P90S","I72A"," 60.50"," 45.72"
"CRF01_AE","N254Q","A91T"," 60.50"," 45.42"
"CRF01_AE","Q95P","V176L"," 60.50"," 10.51"
"CRF01_AE","D167E","H171Q"," 60.50"," 76.66"
"CRF01_AE","H171Q","D167E"," 60.50"," 23.34"
"CRF01_AE","L63M","I113L"," 60.00"," 90.68"
"CRF01_AE","Y99F","A21P"," 60.00"," 80.81"
"CRF01_AE","K71Q","Y227F"," 60.00"," 75.73"
"CRF01_AE","Y227F","K71Q"," 60.00"," 24.27"
"CRF01_AE","A21P","Y99F"," 60.00"," 19.19"
"CRF01_AE","I113L","L63M"," 60.00","  9.32"
"CRF01_AE","S255G","I113T"," 60.00"," 72.65"
"CRF01_AE","I113T","S255G"," 60.00"," 27.35"
"CRF01_AE","V260I","I141T"," 59.50"," 83.68"
"CRF01_AE","V31I","L28I"," 59.50"," 80.76"
"CRF01_AE","N222K","K215Q"," 59.50"," 78.63"
"CRF01_AE","Q53H","Q137H"," 59.50"," 52.73"
"CRF01_AE","S17SR","S24SR"," 59.50"," 51.90"
"CRF01_AE","S24SR","S17SR"," 59.50"," 48.10"
"CRF01_AE","Q137H","Q53H"," 59.50"," 47.27"
"CRF01_AE","K215Q","N222K"," 59.50"," 21.37"
"CRF01_AE","L28I","V31I"," 59.50"," 19.24"
"CRF01_AE","I141T","V260I"," 59.50"," 16.32"
"CRF01_AE","V260I","L45P"," 59.00"," 77.43"
"CRF01_AE","L45P","V260I"," 59.00"," 22.57"
"CRF01_AE","S39N","D167E"," 58.50"," 94.42"
"CRF01_AE","T125A","L68M"," 58.50"," 69.92"
"CRF01_AE","L68M","T125A"," 58.50"," 30.08"
"CRF01_AE","D167E","S39N"," 58.50","  5.58"
"CRF01_AE","L101I","V126M"," 58.00"," 80.80"
"CRF01_AE","D278A","D270E"," 58.00"," 52.80"
"CRF01_AE","D270E","D278A"," 58.00"," 47.20"
"CRF01_AE","V126M","L101I"," 58.00"," 19.20"
"CRF01_AE","L28I","V37I"," 58.00"," 64.76"
"CRF01_AE","V150A","K71E"," 58.00"," 60.62"
"CRF01_AE","K71E","V150A"," 58.00"," 39.38"
"CRF01_AE","V37I","L28I"," 58.00"," 35.24"
"CRF01_AE","G163E","D253H"," 57.50"," 66.13"
"CRF01_AE","G106A","S119T"," 57.50"," 55.12"
"CRF01_AE","S119T","G106A"," 57.50"," 44.88"
"CRF01_AE","D253H","G163E"," 57.50"," 33.87"
"CRF01_AE","K215N","E69K"," 57.00"," 83.10"
"CRF01_AE","E69K","K215N"," 57.00"," 16.90"
"CRF01_AE","V281M","V201I"," 56.50"," 95.42"
"CRF01_AE","K215N","F181Y"," 56.50"," 76.62"
"CRF01_AE","F181Y","K215N"," 56.50"," 23.38"
"CRF01_AE","V201I","V281M"," 56.50","  4.58"
"CRF01_AE","M154I","M50R"," 56.50"," 86.33"
"CRF01_AE","M50R","M154I"," 56.50"," 13.67"
"CRF01_AE","L101M","D256DE"," 56.00"," 59.46"
"CRF01_AE","K211N","L45R"," 56.00"," 56.40"
"CRF01_AE","L45R","K211N"," 56.00"," 43.60"
"CRF01_AE","D256DE","L101M"," 56.00"," 40.54"
"CRF01_AE","K14R","I208M"," 56.00"," 95.62"
"CRF01_AE","Q95H","S39Q"," 56.00"," 74.73"
"CRF01_AE","S39Q","Q95H"," 56.00"," 25.27"
"CRF01_AE","I208M","K14R"," 56.00","  4.38"
"CRF01_AE","F139Y","N27S"," 55.50"," 96.92"
"CRF01_AE","D41N","C65Y"," 55.50"," 91.01"
"CRF01_AE","I200L","S153A"," 55.50"," 69.88"
"CRF01_AE","S153A","I200L"," 55.50"," 30.12"
"CRF01_AE","C65Y","D41N"," 55.50","  8.99"
"CRF01_AE","N27S","F139Y"," 55.50","  3.08"
"CRF01_AE","S195T","I191L"," 55.00"," 63.10"
"CRF01_AE","I191L","S195T"," 55.00"," 36.90"
"CRF01_AE","S39C","K215N"," 54.50"," 66.88"
"CRF01_AE","K215N","S39C"," 54.50"," 33.12"
"CRF01_AE","V281M","V260I"," 54.00"," 99.69"
"CRF01_AE","V260I","V281M"," 54.00","  0.31"
"CRF01_AE","D41N","G70E"," 54.00"," 90.80"
"CRF01_AE","G70E","D41N"," 54.00","  9.20"
"CRF01_AE","I60T","P30F"," 54.00"," 53.30"
"CRF01_AE","P30F","I60T"," 54.00"," 46.70"
"CRF01_AE","V176L","Q252K"," 53.50"," 77.56"
"CRF01_AE","Q252K","V176L"," 53.50"," 22.44"
"CRF01_AE","T218S","Q95S"," 53.50"," 98.44"
"CRF01_AE","Q95S","T218S"," 53.50","  1.56"
"CRF01_AE","L63I","S39M"," 53.00"," 95.73"
"CRF01_AE","L234T","V31I"," 53.00"," 93.13"
"CRF01_AE","T125I","G163A"," 53.00"," 52.58"
"CRF01_AE","G163A","T125I"," 53.00"," 47.42"
"CRF01_AE","V31I","L234T"," 53.00","  6.87"
"CRF01_AE","S39M","L63I"," 53.00","  4.27"
"CRF01_AE","A21T","T218S"," 52.50"," 96.29"
"CRF01_AE","I72T","K71H"," 52.50"," 71.48"
"CRF01_AE","I72V","D167E"," 52.50"," 53.79"
"CRF01_AE","D167E","I72V"," 52.50"," 46.21"
"CRF01_AE","K71H","I72T"," 52.50"," 28.52"
"CRF01_AE","T218S","A21T"," 52.50","  3.71"
"CRF01_AE","M50T","G149A"," 52.00"," 57.35"
"CRF01_AE","G149A","M50T"," 52.00"," 42.65"
"CRF01_AE","S119A","G149A"," 51.50"," 91.09"
"CRF01_AE","G149A","S119A"," 51.50","  8.91"
"CRF01_AE","A23V","V32I"," 51.00"," 96.50"
"CRF01_AE","V32I","A23V"," 51.00","  3.50"
"CRF01_AE","D253H","Q53H"," 50.50"," 72.16"
"CRF01_AE","Q53H","D253H"," 50.50"," 27.84"
"CRF01_AE","L45Q","D270N"," 50.50"," 89.89"
"CRF01_AE","L74I","D167E"," 50.50"," 53.95"
"CRF01_AE","D167E","L74I"," 50.50"," 46.05"
"CRF01_AE","D270N","L45Q"," 50.50"," 10.11"
"CRF01_AE","A21T","L45V"," 50.00"," 98.81"
"CRF01_AE","L45V","A21T"," 50.00","  1.19"
"BC-related","D278A","R269K","100.00"," 94.75"
"BC-related","G134N","I135V","100.00"," 89.00"
"BC-related","I135L","K14R","100.00"," 80.00"
"BC-related","T112I","T112V","100.00"," 80.00"
"BC-related","K136Q","K136N","100.00"," 68.25"
"BC-related","K136Q","K136R","100.00"," 64.00"
"BC-related","K188R","R187K","100.00"," 59.00"
"BC-related","L234S","L234I","100.00"," 54.75"
"BC-related","K136Q","K136H","100.00"," 54.00"
"BC-related","S283G","S283D","100.00"," 52.25"
"BC-related","T124A","T124N","100.00"," 50.75"
"BC-related","T124N","T124A","100.00"," 49.25"
"BC-related","S283D","S283G","100.00"," 47.75"
"BC-related","K136H","K136Q","100.00"," 46.00"
"BC-related","L234I","L234S","100.00"," 45.25"
"BC-related","R187K","K188R","100.00"," 41.00"
"BC-related","K136R","K136Q","100.00"," 36.00"
"BC-related","K136N","K136Q","100.00"," 31.75"
"BC-related","T112V","T112I","100.00"," 20.00"
"BC-related","K14R","I135L","100.00"," 20.00"
"BC-related","I135V","G134N","100.00"," 11.00"
"BC-related","R269K","D278A","100.00","  5.25"
"BC-related","T218I","K211R"," 99.00"," 61.31"
"BC-related","D278A","I84M"," 99.00"," 59.92"
"BC-related","T125A","K156N"," 99.00"," 51.39"
"BC-related","K156N","T125A"," 99.00"," 48.61"
"BC-related","I84M","D278A"," 99.00"," 40.08"
"BC-related","K211R","T218I"," 99.00"," 38.69"
"BC-related","T124S","T124A"," 98.50"," 56.22"
"BC-related","T124A","T124S"," 98.50"," 43.78"
"BC-related","D278A","D167E"," 98.50"," 85.78"
"BC-related","D167E","D278A"," 98.50"," 14.22"
"BC-related","T218I","V201I"," 98.50"," 72.22"
"BC-related","V201I","T218I"," 98.50"," 27.78"
"BC-related","G193E","D286N"," 97.50"," 54.40"
"BC-related","D286N","G193E"," 97.50"," 45.60"
"BC-related","A21T","E11D"," 97.00"," 97.44"
"BC-related","D278A","G134N"," 97.00"," 86.98"
"BC-related","G134N","D278A"," 97.00"," 13.02"
"BC-related","E11D","A21T"," 97.00","  2.56"
"BC-related","D278A","K42Q"," 96.00"," 71.08"
"BC-related","K42Q","D278A"," 96.00"," 28.92"
"BC-related","E157Q","K160T"," 94.00"," 53.32"
"BC-related","K160T","E157Q"," 94.00"," 46.68"
"BC-related","K156N","L45I"," 93.50"," 81.72"
"BC-related","L45I","K156N"," 93.50"," 18.28"
"BC-related","I84M","K42Q"," 92.00"," 52.17"
"BC-related","K42Q","I84M"," 92.00"," 47.83"
"BC-related","K136H","K136N"," 90.50"," 68.78"
"BC-related","K136N","K136H"," 90.50"," 31.22"
"BC-related","L101I","L101V"," 90.00"," 70.97"
"BC-related","V37I","L45Q"," 90.00"," 53.99"
"BC-related","L45Q","V37I"," 90.00"," 46.01"
"BC-related","L101V","L101I"," 90.00"," 29.03"
"BC-related","D25E","A23T"," 88.50"," 82.18"
"BC-related","T124N","G163E"," 88.50"," 80.44"
"BC-related","G163E","T124N"," 88.50"," 19.56"
"BC-related","A23T","D25E"," 88.50"," 17.82"
"BC-related","I135L","S119P"," 87.50"," 99.72"
"BC-related","S119P","I135L"," 87.50","  0.28"
"BC-related","D278A","A21T"," 87.00"," 96.96"
"BC-related","A21T","D278A"," 87.00","  3.04"
"BC-related","K136H","K136R"," 86.50"," 55.50"
"BC-related","K136R","K136H"," 86.50"," 44.50"
"BC-related","L74V","E13G"," 86.50"," 83.64"
"BC-related","E13G","L74V"," 86.50"," 16.36"
"BC-related","T125A","T125V"," 85.50"," 80.22"
"BC-related","T125V","T125A"," 85.50"," 19.78"
"BC-related","L234N","L234I"," 83.50"," 52.01"
"BC-related","L234I","L234N"," 83.50"," 47.99"
"BC-related","T218I","I220V"," 83.00"," 88.62"
"BC-related","I220V","T218I"," 83.00"," 11.38"
"BC-related","T122I","S119G"," 82.50"," 51.82"
"BC-related","S119G","T122I"," 82.50"," 48.18"
"BC-related","D41N","G134D"," 82.50"," 85.75"
"BC-related","G134D","D41N"," 82.50"," 14.25"
"BC-related","G134N","G134D"," 82.00"," 69.47"
"BC-related","G134D","G134N"," 82.00"," 30.53"
"BC-related","G163E","S24N"," 81.50"," 80.05"
"BC-related","S24N","G163E"," 81.50"," 19.95"
"BC-related","A205S","I72T"," 80.50"," 62.68"
"BC-related","I72T","A205S"," 80.50"," 37.32"
"BC-related","V281M","I251L"," 80.00"," 91.24"
"BC-related","I251L","V281M"," 80.00","  8.76"
"BC-related","T124A","I135L"," 79.00"," 59.56"
"BC-related","I135L","T124A"," 79.00"," 40.44"
"BC-related","I135L","G106A"," 78.50"," 99.75"
"BC-related","G106A","I135L"," 78.50","  0.25"
"BC-related","T125A","G134N"," 77.00"," 85.74"
"BC-related","G134N","T125A"," 77.00"," 14.26"
"BC-related","I220V","L74V"," 76.00"," 69.93"
"BC-related","L74V","I220V"," 76.00"," 30.07"
"BC-related","D278A","L234S"," 75.50"," 76.95"
"BC-related","L234S","D278A"," 75.50"," 23.05"
"BC-related","L101I","I113V"," 75.00"," 54.92"
"BC-related","I113V","L101I"," 75.00"," 45.08"
"BC-related","S24N","L45I"," 74.50"," 81.55"
"BC-related","L45I","S24N"," 74.50"," 18.45"
"BC-related","G134N","A21T"," 74.00"," 90.90"
"BC-related","A21T","G134N"," 74.00","  9.10"
"BC-related","G134D","I135V"," 73.00"," 52.18"
"BC-related","I135V","G134D"," 73.00"," 47.82"
"BC-related","K136Q","I135L"," 72.00"," 52.67"
"BC-related","I135L","K136Q"," 72.00"," 47.33"
"BC-related","L234N","N254H"," 71.00"," 81.47"
"BC-related","N254H","L234N"," 71.00"," 18.53"
"BC-related","K42Q","D167E"," 71.00"," 69.64"
"BC-related","D167E","K42Q"," 71.00"," 30.36"
"BC-related","L74I","A205S"," 70.50"," 60.89"
"BC-related","A205S","L74I"," 70.50"," 39.11"
"BC-related","H171Y","L63I"," 70.50"," 51.23"
"BC-related","L63I","H171Y"," 70.50"," 48.77"
"BC-related","K160Q","E157Q"," 70.00"," 53.53"
"BC-related","E157Q","K160Q"," 70.00"," 46.47"
"BC-related","S39C","A21S"," 69.00"," 67.05"
"BC-related","A21S","S39C"," 69.00"," 32.95"
"BC-related","L234S","K136Q"," 68.00"," 81.03"
"BC-related","K136Q","L234S"," 68.00"," 18.97"
"BC-related","L45V","E96D"," 68.00"," 85.18"
"BC-related","E96D","L45V"," 68.00"," 14.82"
"BC-related","S230N","K215R"," 67.50"," 85.64"
"BC-related","K156R","F181Y"," 67.50"," 54.26"
"BC-related","F181Y","K156R"," 67.50"," 45.74"
"BC-related","K215R","S230N"," 67.50"," 14.36"
"BC-related","F181L","K160S"," 67.00"," 69.35"
"BC-related","D3N","F100Y"," 67.00"," 55.50"
"BC-related","F100Y","D3N"," 67.00"," 44.50"
"BC-related","K160S","F181L"," 67.00"," 30.65"
"BC-related","D278T","S153A"," 67.00"," 50.39"
"BC-related","S153A","D278T"," 67.00"," 49.61"
"BC-related","T218K","D232N"," 66.00"," 50.31"
"BC-related","D232N","T218K"," 66.00"," 49.69"
"BC-related","K136Q","E138D"," 65.50"," 81.33"
"BC-related","E138D","K136Q"," 65.50"," 18.67"
"BC-related","I60V","V32L"," 65.00"," 57.30"
"BC-related","V32L","I60V"," 65.00"," 42.70"
"BC-related","T124A","T125A"," 65.00"," 80.30"
"BC-related","T125A","T124A"," 65.00"," 19.70"
"BC-related","Q95H","V75M"," 64.50"," 52.05"
"BC-related","V75M","Q95H"," 64.50"," 47.95"
"BC-related","D167E","D41N"," 64.50"," 97.14"
"BC-related","N18K","N27G"," 64.50"," 54.58"
"BC-related","N27G","N18K"," 64.50"," 45.42"
"BC-related","D41N","D167E"," 64.50","  2.86"
"BC-related","K160T","L45R"," 64.00"," 77.42"
"BC-related","L45R","K160T"," 64.00"," 22.58"
"BC-related","S24N","L158I"," 64.00"," 88.59"
"BC-related","I208L","V151I"," 64.00"," 83.91"
"BC-related","G4R","E152K"," 64.00"," 52.20"
"BC-related","E152K","G4R"," 64.00"," 47.80"
"BC-related","V151I","I208L"," 64.00"," 16.09"
"BC-related","L158I","S24N"," 64.00"," 11.41"
"BC-related","L101I","I72V"," 63.50"," 59.30"
"BC-related","K127R","I141V"," 63.50"," 56.43"
"BC-related","I208L","K211S"," 63.50"," 55.38"
"BC-related","D202E","I203V"," 63.50"," 51.78"
"BC-related","I203V","D202E"," 63.50"," 48.22"
"BC-related","K211S","I208L"," 63.50"," 44.62"
"BC-related","I141V","K127R"," 63.50"," 43.57"
"BC-related","I72V","L101I"," 63.50"," 40.70"
"BC-related","R284G","D288N"," 63.50"," 72.35"
"BC-related","D288N","R284G"," 63.50"," 27.65"
"BC-related","I204L","I200L"," 63.50"," 54.73"
"BC-related","I200L","I204L"," 63.50"," 45.27"
"BC-related","S230N","G70E"," 63.00"," 86.04"
"BC-related","R187K","G189R"," 63.00"," 78.44"
"BC-related","G189R","R187K"," 63.00"," 21.56"
"BC-related","G70E","S230N"," 63.00"," 13.96"
"BC-related","L63V","V176L"," 62.50"," 61.31"
"BC-related","V176L","L63V"," 62.50"," 38.69"
"BC-related","T124G","S17T"," 62.50"," 79.33"
"BC-related","S17T","T124G"," 62.50"," 20.67"
"BC-related","G106A","K136I"," 62.00"," 61.71"
"BC-related","D270E","G197R"," 62.00"," 58.70"
"BC-related","G197R","D270E"," 62.00"," 41.30"
"BC-related","K136I","G106A"," 62.00"," 38.29"
"BC-related","K156N","S283G"," 61.50"," 90.13"
"BC-related","S283G","K156N"," 61.50","  9.87"
"BC-related","T124A","A128T"," 61.50"," 92.31"
"BC-related","L63I","S24G"," 61.50"," 71.99"
"BC-related","V110I","K160G"," 61.50"," 65.83"
"BC-related","K136E","F26Y"," 61.50"," 60.34"
"BC-related","L68S","M154I"," 61.50"," 58.35"
"BC-related","V180I","L234V"," 61.50"," 51.75"
"BC-related","G70S","V54I"," 61.50"," 50.42"
"BC-related","V54I","G70S"," 61.50"," 49.58"
"BC-related","L234V","V180I"," 61.50"," 48.25"
"BC-related","M154I","L68S"," 61.50"," 41.65"
"BC-related","F26Y","K136E"," 61.50"," 39.66"
"BC-related","K160G","V110I"," 61.50"," 29.17"
"BC-related","S24G","L63I"," 61.50"," 28.01"
"BC-related","A128T","T124A"," 61.50","  7.69"
"BC-related","R187K","H78Y"," 61.50"," 81.80"
"BC-related","H78Y","R187K"," 61.50"," 18.20"
"BC-related","K160Q","S195N"," 61.00"," 80.36"
"BC-related","T112V","T124A"," 61.00"," 73.59"
"BC-related","T218L","V249I"," 61.00"," 59.27"
"BC-related","V249I","T218L"," 61.00"," 40.73"
"BC-related","T124A","T112V"," 61.00"," 26.41"
"BC-related","S195N","K160Q"," 61.00"," 19.64"
"BC-related","T125V","S17R"," 61.00"," 84.65"
"BC-related","K136S","A91S"," 61.00"," 58.07"
"BC-related","I208M","Q53H"," 61.00"," 56.49"
"BC-related","Q53H","I208M"," 61.00"," 43.51"
"BC-related","A91S","K136S"," 61.00"," 41.93"
"BC-related","S17R","T125V"," 61.00"," 15.35"
"BC-related","G134D","L45M"," 60.50"," 96.07"
"BC-related","L45M","G134D"," 60.50","  3.93"
"BC-related","K188R","S255R"," 60.50"," 82.00"
"BC-related","D25DE","D256DE"," 60.50"," 55.16"
"BC-related","Q252K","L68V"," 60.50"," 54.90"
"BC-related","L68V","Q252K"," 60.50"," 45.10"
"BC-related","D256DE","D25DE"," 60.50"," 44.84"
"BC-related","S255R","K188R"," 60.50"," 18.00"
"BC-related","M50I","E157T"," 60.50"," 88.00"
"BC-related","E157T","M50I"," 60.50"," 12.00"
"BC-related","D270DE","T112M"," 59.50"," 67.59"
"BC-related","I220V","K103R"," 59.50"," 63.21"
"BC-related","K103R","I220V"," 59.50"," 36.79"
"BC-related","T112M","D270DE"," 59.50"," 32.41"
"BC-related","E11D","D25E"," 59.00"," 99.58"
"BC-related","S283D","Y99F"," 59.00"," 71.45"
"BC-related","I161T","I204V"," 59.00"," 52.51"
"BC-related","I204V","I161T"," 59.00"," 47.49"
"BC-related","Y99F","S283D"," 59.00"," 28.55"
"BC-related","D25E","E11D"," 59.00","  0.42"
"BC-related","I135L","N254K"," 59.00","100.00"
"BC-related","K211S","E212V"," 59.00"," 71.06"
"BC-related","E212V","K211S"," 59.00"," 28.94"
"BC-related","N254K","I135L"," 59.00","  0.00"
"BC-related","K42Q","V31I"," 59.00"," 91.46"
"BC-related","V31I","K42Q"," 59.00","  8.54"
"BC-related","I113V","I251V"," 58.50"," 83.92"
"BC-related","I251V","I113V"," 58.50"," 16.08"
"BC-related","S195C","S24D"," 58.00"," 67.70"
"BC-related","S24D","S195C"," 58.00"," 32.30"
"BC-related","I135V","I135L"," 58.00"," 86.94"
"BC-related","I135L","I135V"," 58.00"," 13.06"
"BC-related","T124S","I268L"," 57.50"," 89.54"
"BC-related","I268L","T124S"," 57.50"," 10.46"
"BC-related","E11D","D41N"," 57.00"," 81.59"
"BC-related","D41N","E11D"," 57.00"," 18.41"
"BC-related","L74I","L63V"," 56.50"," 79.76"
"BC-related","L63V","L74I"," 56.50"," 20.24"
"BC-related","T112V","A23V"," 56.00"," 99.29"
"BC-related","L74V","K173R"," 56.00"," 74.44"
"BC-related","D278N","V150A"," 56.00"," 58.73"
"BC-related","V150A","D278N"," 56.00"," 41.27"
"BC-related","K173R","L74V"," 56.00"," 25.56"
"BC-related","A23V","T112V"," 56.00","  0.71"
"BC-related","L28V","M22I"," 55.50"," 50.89"
"BC-related","M22I","L28V"," 55.50"," 49.11"
"BC-related","G163E","Q95N"," 55.00"," 91.01"
"BC-related","T124A","T124G"," 55.00"," 90.53"
"BC-related","P30S","N222K"," 55.00"," 70.11"
"BC-related","N222K","P30S"," 55.00"," 29.89"
"BC-related","T124G","T124A"," 55.00","  9.47"
"BC-related","Q95N","G163E"," 55.00","  8.99"
"BC-related","K136T","P30S"," 54.50"," 74.46"
"BC-related","L234G","V260I"," 54.50"," 62.79"
"BC-related","V260I","L234G"," 54.50"," 37.21"
"BC-related","P30S","K136T"," 54.50"," 25.54"
"BC-related","K160T","D41E"," 54.50"," 88.55"
"BC-related","D270DE","E13D"," 54.50"," 58.43"
"BC-related","E13D","D270DE"," 54.50"," 41.57"
"BC-related","D41E","K160T"," 54.50"," 11.45"
"BC-related","D279G","F139H"," 54.00"," 70.62"
"BC-related","F139H","D279G"," 54.00"," 29.38"
"BC-related","I113V","G163S"," 53.50"," 92.10"
"BC-related","G163S","I113V"," 53.50","  7.90"
"BC-related","E11D","K215N"," 53.50"," 94.17"
"BC-related","I72V","A21T"," 53.50"," 57.09"
"BC-related","A21T","I72V"," 53.50"," 42.91"
"BC-related","K215N","E11D"," 53.50","  5.83"
"BC-related","G163E","S195T"," 53.00"," 96.48"
"BC-related","K211S","E212A"," 53.00"," 67.52"
"BC-related","T124S","D229E"," 53.00"," 61.74"
"BC-related","D229E","T124S"," 53.00"," 38.26"
"BC-related","E212A","K211S"," 53.00"," 32.48"
"BC-related","S195T","G163E"," 53.00","  3.52"
"BC-related","I161L","A91T"," 52.50"," 76.31"
"BC-related","A91T","I161L"," 52.50"," 23.69"
"BC-related","I72V","L45Q"," 52.50"," 68.12"
"BC-related","L45Q","I72V"," 52.50"," 31.88"
"BC-related","T218I","D278A"," 52.00"," 79.74"
"BC-related","D278A","T218I"," 52.00"," 20.26"
"BC-related","I161L","D6E"," 52.00"," 63.85"
"BC-related","D6E","I161L"," 52.00"," 36.15"
"BC-related","R20K","I60M"," 51.50"," 75.18"
"BC-related","I60M","R20K"," 51.50"," 24.82"
"BC-related","K136Q","F139Y"," 51.50"," 99.58"
"BC-related","F139Y","K136Q"," 51.50","  0.42"
"BC-related","K14R","E11D"," 51.00"," 97.92"
"BC-related","T125A","Q53K"," 51.00"," 94.91"
"BC-related","D286N","L2S"," 51.00"," 84.66"
"BC-related","D229E","E212A"," 51.00"," 54.31"
"BC-related","I60V","T218L"," 51.00"," 52.23"
"BC-related","T218L","I60V"," 51.00"," 47.77"
"BC-related","E212A","D229E"," 51.00"," 45.69"
"BC-related","L2S","D286N"," 51.00"," 15.34"
"BC-related","Q53K","T125A"," 51.00","  5.09"
"BC-related","E11D","K14R"," 51.00","  2.08"
"BC-related","I220V","K160T"," 50.00"," 67.71"
"BC-related","K160T","I220V"," 50.00"," 32.29"
"BC-related","D41N","V32I"," 50.00"," 91.58"
"BC-related","V32I","D41N"," 50.00","  8.42"
"BC-related","E11D","V37I"," 50.00"," 77.02"
"BC-related","S39C","S57G"," 50.00"," 60.04"
"BC-related","I203M","I208L"," 50.00"," 53.49"
"BC-related","I208L","I203M"," 50.00"," 46.51"
"BC-related","S57G","S39C"," 50.00"," 39.96"
"BC-related","V37I","E11D"," 50.00"," 22.98"
